Irradiance 	 [µW/cm2/nm],
Time,11/10/2022 7:08:01 PM,11/10/2022 7:08:05 PM,11/10/2022 7:08:10 PM,11/10/2022 7:08:32 PM,11/10/2022 7:08:36 PM,11/10/2022 7:08:42 PM,
Index,13,14,15,16,17,18,
Name,,,,,,,
GPS,,,,,,,
[nm],
327.1,3.733005E+000,3.711488E+000,3.914620E+000,9.741472E+000,9.176950E+000,1.050528E+001
329,3.557857E+000,3.256521E+000,3.686638E+000,8.320147E+000,8.764947E+000,8.995773E+000
330.8,3.250507E+000,2.988691E+000,3.100541E+000,7.933364E+000,8.187113E+000,8.819886E+000
332.7,2.763299E+000,2.708972E+000,2.689552E+000,6.356585E+000,7.165043E+000,7.121768E+000
334.6,2.401230E+000,2.404971E+000,2.561894E+000,5.977308E+000,6.027762E+000,6.291359E+000
336.5,1.900015E+000,2.040660E+000,2.221314E+000,5.076092E+000,5.297066E+000,5.803257E+000
338.4,1.842600E+000,1.873785E+000,1.909456E+000,4.834837E+000,4.563606E+000,5.041027E+000
340.3,1.593759E+000,1.691919E+000,1.690877E+000,4.159565E+000,3.892459E+000,4.440781E+000
342.2,1.289843E+000,1.402424E+000,1.432727E+000,3.608210E+000,3.745372E+000,3.792428E+000
344,1.204933E+000,1.222176E+000,1.192791E+000,3.186943E+000,3.058274E+000,3.244570E+000
345.9,1.068321E+000,1.077495E+000,1.204299E+000,2.758931E+000,2.711766E+000,2.967191E+000
347.8,9.573042E-001,9.311425E-001,1.041802E+000,2.363145E+000,2.285425E+000,2.663661E+000
349.7,8.397824E-001,7.869426E-001,8.921071E-001,2.106316E+000,2.204161E+000,2.319721E+000
351.6,7.800641E-001,7.626775E-001,8.293326E-001,1.832650E+000,1.950835E+000,2.115805E+000
353.5,6.779791E-001,6.885604E-001,7.450886E-001,1.746713E+000,1.810516E+000,1.834867E+000
355.4,6.424304E-001,6.655175E-001,6.763646E-001,1.639475E+000,1.720693E+000,1.836593E+000
357.2,5.892640E-001,6.119590E-001,6.039928E-001,1.737694E+000,1.784203E+000,1.795078E+000
359.1,5.160445E-001,5.524674E-001,5.679862E-001,1.817227E+000,1.907490E+000,1.853918E+000
361,5.362294E-001,5.205327E-001,5.169617E-001,2.205141E+000,2.375040E+000,2.468701E+000
362.9,4.829167E-001,4.745138E-001,5.454846E-001,3.184666E+000,3.382646E+000,3.414092E+000
364.8,4.588317E-001,4.497293E-001,4.726635E-001,4.026501E+000,4.322404E+000,4.280341E+000
366.7,4.363973E-001,4.503745E-001,4.597024E-001,3.798077E+000,4.074716E+000,4.075261E+000
368.6,4.361882E-001,4.586327E-001,4.751855E-001,3.024483E+000,3.201044E+000,3.129457E+000
370.4,4.453021E-001,4.283546E-001,4.698701E-001,1.715762E+000,1.775157E+000,1.785561E+000
372.3,4.119065E-001,4.581734E-001,4.353336E-001,1.187283E+000,1.287207E+000,1.282550E+000
374.2,3.983940E-001,4.131499E-001,4.329589E-001,1.153909E+000,1.214011E+000,1.277660E+000
376.1,4.057392E-001,3.893325E-001,4.243835E-001,1.160331E+000,1.282782E+000,1.312114E+000
378,3.881667E-001,3.974589E-001,4.342726E-001,1.303974E+000,1.306635E+000,1.338173E+000
379.9,3.832283E-001,3.913199E-001,3.954287E-001,1.300463E+000,1.377759E+000,1.348998E+000
381.8,3.646144E-001,3.983771E-001,3.941728E-001,1.290530E+000,1.352111E+000,1.444134E+000
383.6,3.563069E-001,3.650734E-001,3.939065E-001,1.247709E+000,1.354010E+000,1.342390E+000
385.5,3.843526E-001,3.684335E-001,3.655913E-001,1.252904E+000,1.215315E+000,1.252105E+000
387.4,3.466754E-001,3.605325E-001,3.569172E-001,1.091236E+000,1.145438E+000,1.212079E+000
389.3,3.515039E-001,3.530635E-001,3.609562E-001,1.062343E+000,1.146227E+000,1.219224E+000
391.2,3.240984E-001,3.368232E-001,3.465623E-001,1.065824E+000,1.087348E+000,1.138034E+000
393.1,3.325497E-001,3.477166E-001,3.611580E-001,1.081778E+000,1.202171E+000,1.153564E+000
394.9,3.582720E-001,3.554596E-001,3.762018E-001,1.252072E+000,1.284549E+000,1.351896E+000
396.8,3.677423E-001,3.522822E-001,3.834029E-001,1.458112E+000,1.490057E+000,1.556208E+000
398.7,3.384427E-001,3.451929E-001,3.504036E-001,2.146288E+000,2.277518E+000,2.308586E+000
400.6,3.384086E-001,3.562088E-001,3.627747E-001,3.770350E+000,3.935546E+000,3.985255E+000
402.5,3.493210E-001,3.526420E-001,3.425211E-001,7.987635E+000,8.305127E+000,8.448819E+000
404.4,3.700674E-001,3.762096E-001,3.802989E-001,1.251816E+001,1.300061E+001,1.319093E+001
406.2,3.677780E-001,3.697383E-001,3.736917E-001,1.239762E+001,1.296383E+001,1.313571E+001
408.1,3.946333E-001,3.858374E-001,4.066875E-001,8.982560E+000,9.404048E+000,9.532777E+000
410,3.771673E-001,3.826888E-001,4.061289E-001,4.020857E+000,4.221950E+000,4.262945E+000
411.9,3.919142E-001,4.074973E-001,3.962934E-001,3.245712E+000,3.381046E+000,3.433741E+000
413.8,4.400156E-001,4.334674E-001,4.589808E-001,3.548675E+000,3.689995E+000,3.776029E+000
415.6,4.737383E-001,4.722359E-001,4.777771E-001,4.150350E+000,4.371189E+000,4.467097E+000
417.5,5.532206E-001,5.537378E-001,5.635712E-001,4.781657E+000,5.004638E+000,5.087044E+000
419.4,6.364594E-001,6.216353E-001,6.471410E-001,5.391309E+000,5.611890E+000,5.769373E+000
421.3,7.487408E-001,7.536206E-001,7.762296E-001,6.081944E+000,6.283180E+000,6.476686E+000
423.2,9.244284E-001,9.221150E-001,9.323168E-001,6.771282E+000,7.121241E+000,7.260715E+000
425,1.135555E+000,1.127808E+000,1.182387E+000,7.746465E+000,8.069297E+000,8.249423E+000
426.9,1.453045E+000,1.449982E+000,1.482642E+000,8.972716E+000,9.428369E+000,9.593641E+000
428.8,1.841570E+000,1.836522E+000,1.899622E+000,1.110371E+001,1.160967E+001,1.188080E+001
430.7,2.368803E+000,2.341320E+000,2.437247E+000,1.533466E+001,1.609865E+001,1.648985E+001
432.6,3.090874E+000,3.035495E+000,3.138351E+000,2.661341E+001,2.787936E+001,2.872860E+001
434.4,4.037597E+000,3.954326E+000,4.065766E+000,5.489426E+001,5.763702E+001,5.952098E+001
436.3,5.073828E+000,4.973501E+000,5.091857E+000,6.641352E+001,6.972772E+001,7.205638E+001
438.2,6.195663E+000,6.104710E+000,6.254780E+000,5.611908E+001,5.894769E+001,6.087784E+001
440.1,7.508501E+000,7.461336E+000,7.673751E+000,3.047263E+001,3.195841E+001,3.293076E+001
441.9,9.323471E+000,9.291906E+000,9.561555E+000,1.490506E+001,1.554907E+001,1.589166E+001
443.8,1.172280E+001,1.169845E+001,1.200650E+001,1.463392E+001,1.530645E+001,1.560982E+001
445.7,1.450221E+001,1.448466E+001,1.483297E+001,1.478433E+001,1.540969E+001,1.572645E+001
447.6,1.732213E+001,1.734354E+001,1.771675E+001,1.488215E+001,1.550786E+001,1.585225E+001
449.4,1.960421E+001,1.962621E+001,2.008102E+001,1.495167E+001,1.555991E+001,1.592934E+001
451.3,2.070490E+001,2.072932E+001,2.125374E+001,1.490053E+001,1.555768E+001,1.587762E+001
453.2,2.020172E+001,2.026553E+001,2.083305E+001,1.475898E+001,1.541694E+001,1.574245E+001
455.1,1.825882E+001,1.834455E+001,1.889084E+001,1.452003E+001,1.518103E+001,1.549294E+001
456.9,1.550602E+001,1.560138E+001,1.616745E+001,1.422248E+001,1.483462E+001,1.514592E+001
458.8,1.288985E+001,1.299190E+001,1.350766E+001,1.384550E+001,1.444660E+001,1.474567E+001
460.7,1.089082E+001,1.095865E+001,1.142769E+001,1.341373E+001,1.395730E+001,1.427095E+001
462.6,9.632604E+000,9.681282E+000,1.009809E+001,1.295119E+001,1.356454E+001,1.382888E+001
464.4,8.831779E+000,8.889141E+000,9.232237E+000,1.257814E+001,1.310760E+001,1.338761E+001
466.3,8.176920E+000,8.238201E+000,8.555781E+000,1.211369E+001,1.266101E+001,1.292524E+001
468.2,7.521869E+000,7.560738E+000,7.870795E+000,1.160820E+001,1.209808E+001,1.237151E+001
470,6.725385E+000,6.770238E+000,7.074276E+000,1.099845E+001,1.141777E+001,1.169365E+001
471.9,5.941213E+000,5.990366E+000,6.248982E+000,1.037274E+001,1.083577E+001,1.105285E+001
473.8,5.251364E+000,5.310853E+000,5.553365E+000,9.808133E+000,1.027162E+001,1.045736E+001
475.6,4.763278E+000,4.809286E+000,5.032787E+000,9.337265E+000,9.737539E+000,9.932404E+000
477.5,4.490229E+000,4.538657E+000,4.740579E+000,9.117341E+000,9.506437E+000,9.751503E+000
479.4,4.418807E+000,4.458514E+000,4.652616E+000,9.966351E+000,1.034639E+001,1.064572E+001
481.2,4.514626E+000,4.526113E+000,4.735462E+000,1.329692E+001,1.385980E+001,1.420504E+001
483.1,4.681191E+000,4.702597E+000,4.888554E+000,1.970532E+001,2.058349E+001,2.122460E+001
485,4.922773E+000,4.929439E+000,5.136420E+000,3.024060E+001,3.157694E+001,3.261264E+001
486.8,5.163575E+000,5.149091E+000,5.327615E+000,3.602390E+001,3.762085E+001,3.885171E+001
488.7,5.379892E+000,5.384752E+000,5.575761E+000,3.771979E+001,3.934911E+001,4.065758E+001
490.6,5.604810E+000,5.593592E+000,5.821492E+000,3.415190E+001,3.565485E+001,3.683899E+001
492.4,5.850426E+000,5.861731E+000,6.079400E+000,3.056549E+001,3.190245E+001,3.292541E+001
494.3,6.124123E+000,6.155204E+000,6.400187E+000,2.570261E+001,2.685764E+001,2.777402E+001
496.2,6.440361E+000,6.444082E+000,6.704181E+000,2.142875E+001,2.232399E+001,2.311032E+001
498,6.734111E+000,6.758646E+000,7.040625E+000,1.774448E+001,1.847249E+001,1.909039E+001
499.9,7.015176E+000,7.062275E+000,7.333683E+000,1.473122E+001,1.538139E+001,1.581751E+001
501.7,7.303819E+000,7.353610E+000,7.639179E+000,1.095484E+001,1.143132E+001,1.180711E+001
503.6,7.552633E+000,7.603640E+000,7.903623E+000,7.737786E+000,8.054588E+000,8.269727E+000
505.5,7.784300E+000,7.828644E+000,8.149141E+000,5.433741E+000,5.672789E+000,5.815873E+000
507.3,7.999705E+000,8.064003E+000,8.368934E+000,4.074214E+000,4.235317E+000,4.302965E+000
509.2,8.193095E+000,8.249873E+000,8.559180E+000,3.467981E+000,3.648308E+000,3.676889E+000
511,8.362148E+000,8.448654E+000,8.763892E+000,3.171714E+000,3.259194E+000,3.320078E+000
512.9,8.534839E+000,8.629467E+000,8.928116E+000,2.923815E+000,3.017818E+000,3.082144E+000
514.7,8.701759E+000,8.789945E+000,9.108799E+000,2.668326E+000,2.753575E+000,2.832451E+000
516.6,8.875302E+000,8.963510E+000,9.286545E+000,2.504790E+000,2.567283E+000,2.648501E+000
518.5,9.056266E+000,9.148510E+000,9.459466E+000,2.325376E+000,2.404551E+000,2.452308E+000
520.3,9.257819E+000,9.347832E+000,9.656031E+000,2.242545E+000,2.351897E+000,2.346890E+000
522.2,9.447992E+000,9.550336E+000,9.872610E+000,2.168239E+000,2.244671E+000,2.245901E+000
524,9.654414E+000,9.768552E+000,1.009394E+001,2.147283E+000,2.193152E+000,2.211963E+000
525.9,9.886030E+000,1.001584E+001,1.033856E+001,2.180508E+000,2.222142E+000,2.254521E+000
527.7,1.009902E+001,1.022893E+001,1.051351E+001,2.268943E+000,2.381406E+000,2.391954E+000
529.6,1.030028E+001,1.042357E+001,1.072893E+001,2.501070E+000,2.641362E+000,2.634883E+000
531.4,1.049688E+001,1.063883E+001,1.093062E+001,3.650696E+000,3.772091E+000,3.866742E+000
533.3,1.071275E+001,1.083672E+001,1.114936E+001,5.745353E+000,5.989251E+000,6.147301E+000
535.1,1.091897E+001,1.106123E+001,1.137497E+001,1.158525E+001,1.211917E+001,1.250104E+001
537,1.122140E+001,1.134350E+001,1.164439E+001,2.531178E+001,2.639247E+001,2.736135E+001
538.8,1.155425E+001,1.165113E+001,1.194021E+001,4.931732E+001,5.144913E+001,5.322803E+001
540.7,1.205224E+001,1.208230E+001,1.235054E+001,9.219900E+001,9.625156E+001,9.957134E+001
542.5,1.243021E+001,1.241275E+001,1.266166E+001,1.204268E+002,1.256325E+002,1.300390E+002
544.4,1.277960E+001,1.274135E+001,1.296695E+001,1.461948E+002,1.524677E+002,1.576028E+002
546.2,1.295981E+001,1.292195E+001,1.315578E+001,1.499059E+002,1.563115E+002,1.614650E+002
548.1,1.302530E+001,1.300333E+001,1.327216E+001,1.380203E+002,1.438994E+002,1.486394E+002
549.9,1.292072E+001,1.295765E+001,1.321895E+001,1.009590E+002,1.053181E+002,1.089039E+002
551.7,1.278464E+001,1.290505E+001,1.320896E+001,5.979459E+001,6.233953E+001,6.461021E+001
553.6,1.280853E+001,1.293744E+001,1.325875E+001,3.489774E+001,3.642346E+001,3.769188E+001
555.4,1.285601E+001,1.302346E+001,1.338283E+001,2.119286E+001,2.207751E+001,2.286595E+001
557.3,1.297744E+001,1.316212E+001,1.353560E+001,1.278551E+001,1.336190E+001,1.377430E+001
559.1,1.311625E+001,1.329323E+001,1.368071E+001,6.796758E+000,7.115524E+000,7.326126E+000
560.9,1.329711E+001,1.348550E+001,1.386488E+001,4.844939E+000,5.013563E+000,5.201649E+000
562.8,1.348843E+001,1.367021E+001,1.407356E+001,4.154914E+000,4.294665E+000,4.438144E+000
564.6,1.369257E+001,1.388629E+001,1.432051E+001,3.751605E+000,3.885193E+000,4.049998E+000
566.5,1.391623E+001,1.412214E+001,1.455811E+001,3.475459E+000,3.604446E+000,3.742388E+000
568.3,1.414215E+001,1.433983E+001,1.479913E+001,3.266490E+000,3.399712E+000,3.572164E+000
570.1,1.439998E+001,1.461004E+001,1.505888E+001,3.197925E+000,3.213825E+000,3.311363E+000
572,1.463117E+001,1.485266E+001,1.536770E+001,3.013804E+000,3.065048E+000,3.219702E+000
573.8,1.494282E+001,1.514529E+001,1.565850E+001,3.530326E+000,3.624232E+000,3.715494E+000
575.6,1.519156E+001,1.541622E+001,1.594445E+001,7.404931E+000,7.687967E+000,7.964908E+000
577.5,1.553964E+001,1.574612E+001,1.628561E+001,1.395790E+001,1.451041E+001,1.503920E+001
579.3,1.588088E+001,1.606615E+001,1.664309E+001,2.326631E+001,2.428837E+001,2.522603E+001
581.1,1.619813E+001,1.639851E+001,1.698219E+001,3.074359E+001,3.202274E+001,3.327130E+001
583,1.652403E+001,1.672570E+001,1.731305E+001,3.666036E+001,3.831831E+001,3.985348E+001
584.8,1.686887E+001,1.703218E+001,1.762640E+001,4.334539E+001,4.518348E+001,4.697058E+001
586.6,1.714706E+001,1.732298E+001,1.792145E+001,5.241829E+001,5.472200E+001,5.689720E+001
588.5,1.742556E+001,1.756653E+001,1.820856E+001,5.400086E+001,5.642010E+001,5.864866E+001
590.3,1.758410E+001,1.776876E+001,1.840221E+001,5.021864E+001,5.241618E+001,5.456199E+001
592.1,1.774456E+001,1.795665E+001,1.861297E+001,4.514204E+001,4.701223E+001,4.906798E+001
593.9,1.790064E+001,1.810804E+001,1.877461E+001,3.941832E+001,4.116256E+001,4.291197E+001
595.8,1.792792E+001,1.815472E+001,1.887295E+001,3.065988E+001,3.198359E+001,3.347217E+001
597.6,1.802051E+001,1.826140E+001,1.894480E+001,2.383946E+001,2.485983E+001,2.599573E+001
599.4,1.806096E+001,1.830320E+001,1.902674E+001,2.259682E+001,2.345804E+001,2.463931E+001
601.2,1.807654E+001,1.831411E+001,1.899341E+001,2.007443E+001,2.091817E+001,2.196555E+001
603.1,1.803341E+001,1.827691E+001,1.901425E+001,1.600327E+001,1.667422E+001,1.753175E+001
604.9,1.794438E+001,1.819740E+001,1.890496E+001,1.382021E+001,1.435903E+001,1.509496E+001
606.7,1.787750E+001,1.812352E+001,1.886590E+001,1.986698E+001,2.075379E+001,2.181622E+001
608.5,1.764663E+001,1.784332E+001,1.850085E+001,5.874910E+001,6.122395E+001,6.430406E+001
610.4,1.752965E+001,1.755809E+001,1.813900E+001,1.544671E+002,1.608828E+002,1.689504E+002
612.2,1.724977E+001,1.720183E+001,1.774322E+001,2.015697E+002,2.100621E+002,2.205808E+002
614,1.665994E+001,1.665637E+001,1.715656E+001,1.783459E+002,1.858135E+002,1.950651E+002
615.8,1.576624E+001,1.583590E+001,1.643194E+001,1.044717E+002,1.089087E+002,1.143759E+002
617.6,1.519589E+001,1.532113E+001,1.594588E+001,5.836969E+001,6.086762E+001,6.385950E+001
619.4,1.482631E+001,1.498086E+001,1.559296E+001,3.865115E+001,4.021188E+001,4.213763E+001
621.3,1.458619E+001,1.472144E+001,1.535583E+001,3.313479E+001,3.450052E+001,3.600621E+001
623.1,1.430183E+001,1.448438E+001,1.506875E+001,3.278898E+001,3.406261E+001,3.555273E+001
624.9,1.402359E+001,1.419941E+001,1.476419E+001,3.390008E+001,3.523747E+001,3.688973E+001
626.7,1.374727E+001,1.389785E+001,1.451559E+001,3.416358E+001,3.558600E+001,3.725549E+001
628.5,1.345102E+001,1.362306E+001,1.416364E+001,3.619478E+001,3.772095E+001,3.945441E+001
630.3,1.316051E+001,1.326917E+001,1.382888E+001,3.991184E+001,4.159045E+001,4.371435E+001
632.1,1.273586E+001,1.285475E+001,1.342772E+001,3.531539E+001,3.675174E+001,3.861220E+001
633.9,1.226856E+001,1.236970E+001,1.293750E+001,2.353401E+001,2.443271E+001,2.575179E+001
635.7,1.177447E+001,1.196624E+001,1.246588E+001,1.149187E+001,1.196980E+001,1.262607E+001
637.6,1.133999E+001,1.147012E+001,1.202984E+001,6.898753E+000,7.247978E+000,7.589501E+000
639.4,1.095107E+001,1.108594E+001,1.157311E+001,6.010478E+000,6.402831E+000,6.728853E+000
641.2,1.059560E+001,1.070621E+001,1.120779E+001,6.184554E+000,6.464637E+000,6.725812E+000
643,1.016042E+001,1.031115E+001,1.079590E+001,6.467093E+000,6.724017E+000,7.047224E+000
644.8,9.843191E+000,9.954337E+000,1.041521E+001,6.505995E+000,6.708405E+000,7.001118E+000
646.6,9.472883E+000,9.565586E+000,1.002992E+001,6.075305E+000,6.375411E+000,6.759144E+000
648.4,9.129915E+000,9.223888E+000,9.658682E+000,7.156037E+000,7.441809E+000,7.871829E+000
650.2,8.768438E+000,8.887271E+000,9.301449E+000,9.487616E+000,9.833202E+000,1.031863E+001
652,8.425282E+000,8.516169E+000,8.919687E+000,1.022241E+001,1.065038E+001,1.116829E+001
653.8,8.092751E+000,8.180989E+000,8.578082E+000,8.587872E+000,8.955600E+000,9.486330E+000
655.6,7.707942E+000,7.824601E+000,8.171523E+000,6.317047E+000,6.541097E+000,6.925196E+000
657.4,7.338354E+000,7.430629E+000,7.800068E+000,5.262271E+000,5.456899E+000,5.680685E+000
659.2,6.988922E+000,7.086369E+000,7.424160E+000,5.394886E+000,5.589360E+000,5.934829E+000
661,6.693722E+000,6.763021E+000,7.084490E+000,6.708185E+000,6.923585E+000,7.360714E+000
662.8,6.352813E+000,6.418993E+000,6.736754E+000,7.976998E+000,8.256291E+000,8.731959E+000
664.6,6.027263E+000,6.062230E+000,6.395143E+000,7.998858E+000,8.416296E+000,8.814289E+000
666.4,5.684436E+000,5.756749E+000,6.068944E+000,6.647739E+000,6.908153E+000,7.259403E+000
668.2,5.405631E+000,5.448798E+000,5.734409E+000,4.987048E+000,5.188484E+000,5.493668E+000
669.9,5.084390E+000,5.132472E+000,5.417723E+000,3.964411E+000,4.163075E+000,4.470753E+000
671.7,4.832629E+000,4.878527E+000,5.116327E+000,3.755442E+000,3.876723E+000,4.046068E+000
673.5,4.526260E+000,4.577927E+000,4.824753E+000,3.530079E+000,3.691943E+000,3.896933E+000
675.3,4.282369E+000,4.322932E+000,4.547593E+000,3.411531E+000,3.634006E+000,3.812976E+000
677.1,4.020359E+000,4.086676E+000,4.280850E+000,3.243935E+000,3.396250E+000,3.527587E+000
678.9,3.826161E+000,3.828278E+000,4.077249E+000,3.324808E+000,3.443960E+000,3.624521E+000
680.7,3.627993E+000,3.649924E+000,3.816561E+000,3.383029E+000,3.536863E+000,3.805808E+000
682.5,3.397409E+000,3.413832E+000,3.637504E+000,3.605632E+000,3.699104E+000,4.037675E+000
684.3,3.221253E+000,3.202636E+000,3.402540E+000,4.033007E+000,4.210196E+000,4.540486E+000
686,3.037281E+000,3.094870E+000,3.223814E+000,5.353448E+000,5.523802E+000,5.887149E+000
687.8,2.865525E+000,2.855853E+000,3.021548E+000,6.527757E+000,6.895679E+000,7.282019E+000
689.6,2.715851E+000,2.731272E+000,2.839678E+000,6.598941E+000,6.791473E+000,7.247680E+000
691.4,2.532685E+000,2.609547E+000,2.663063E+000,5.229272E+000,5.423025E+000,5.770480E+000
693.2,2.399189E+000,2.384345E+000,2.519522E+000,4.491729E+000,4.730779E+000,4.953339E+000
694.9,2.230772E+000,2.258946E+000,2.372720E+000,3.902960E+000,4.037555E+000,4.313425E+000
696.7,2.052545E+000,2.101012E+000,2.196631E+000,2.597416E+000,2.815533E+000,2.989026E+000
698.5,1.932440E+000,1.966906E+000,2.078232E+000,1.626388E+000,1.685016E+000,1.799437E+000
700.3,1.813305E+000,1.866954E+000,1.934249E+000,1.574648E+000,1.547929E+000,1.747324E+000
702.1,1.713368E+000,1.769940E+000,1.809492E+000,2.153750E+000,2.364218E+000,2.554345E+000
703.8,1.631517E+000,1.645304E+000,1.755151E+000,4.754536E+000,5.092183E+000,5.372489E+000
705.6,1.553242E+000,1.572393E+000,1.658974E+000,9.812887E+000,9.976844E+000,1.064761E+001
707.4,1.500504E+000,1.499879E+000,1.547514E+000,1.537739E+001,1.579118E+001,1.670022E+001
709.2,1.467119E+000,1.449292E+000,1.460144E+000,1.805994E+001,1.876191E+001,1.978642E+001
710.9,1.310542E+000,1.331254E+000,1.397407E+000,1.722367E+001,1.790236E+001,1.881353E+001
712.7,1.235586E+000,1.233179E+000,1.289913E+000,1.405938E+001,1.452274E+001,1.528414E+001
714.5,1.112816E+000,1.140305E+000,1.117388E+000,9.332442E+000,9.668032E+000,1.039731E+001
716.2,1.012489E+000,1.013694E+000,1.036201E+000,4.894728E+000,4.919113E+000,5.135038E+000
718,9.367903E-001,9.329983E-001,8.948451E-001,2.140497E+000,2.154105E+000,2.351527E+000
719.8,8.440062E-001,8.578583E-001,8.859269E-001,1.049133E+000,1.103778E+000,1.232479E+000
721.5,7.745171E-001,8.454275E-001,7.755180E-001,7.496578E-001,6.497726E-001,9.260322E-001
723.3,7.233996E-001,7.715738E-001,7.323721E-001,7.814196E-001,7.211457E-001,9.880725E-001
725.1,6.498886E-001,6.912630E-001,7.338531E-001,6.447743E-001,4.647076E-001,8.199139E-001
726.8,6.344023E-001,6.132537E-001,6.817684E-001,5.768431E-001,4.801676E-001,7.796705E-001
728.6,5.499222E-001,5.692925E-001,5.480467E-001,5.220281E-001,4.677589E-001,6.949873E-001
730.3,5.598919E-001,5.579736E-001,5.710455E-001,5.370810E-001,4.272369E-001,6.236890E-001
732.1,5.079675E-001,4.966455E-001,5.291098E-001,3.818237E-001,5.102133E-001,6.675756E-001
733.9,4.355658E-001,4.733706E-001,4.570927E-001,3.956479E-001,3.169053E-001,6.525394E-001
735.6,3.914879E-001,4.178779E-001,4.304238E-001,3.383650E-001,3.574362E-001,4.195809E-001
737.4,3.506278E-001,4.022803E-001,4.050511E-001,3.089764E-001,2.191157E-001,4.900327E-001
739.1,3.344652E-001,3.531017E-001,3.774183E-001,3.212428E-001,3.677225E-001,4.586685E-001
740.9,3.479499E-001,3.367408E-001,2.936329E-001,5.269222E-001,4.461981E-001,7.257325E-001
742.6,2.415704E-001,2.875310E-001,2.624512E-001,4.947429E-001,5.896315E-001,8.038878E-001
744.4,2.788616E-001,2.811134E-001,2.402527E-001,5.031262E-001,4.110435E-001,7.954145E-001
746.1,1.984899E-001,1.940658E-001,2.041892E-001,4.298756E-001,3.536776E-001,6.892968E-001
747.9,2.397188E-001,2.079672E-001,1.807880E-001,4.108543E-001,4.781661E-001,5.712404E-001
749.6,1.746892E-001,2.163411E-001,1.628976E-001,3.657188E-001,3.948225E-001,5.093500E-001
751.4,1.671310E-001,1.954462E-001,1.671180E-001,2.444122E-001,1.630660E-001,3.828341E-001
753.1,1.581140E-001,1.309282E-001,1.349351E-001,2.533301E-001,1.235116E-001,4.809522E-001
754.9,1.192046E-001,1.600588E-001,1.491372E-001,3.868172E-001,4.015216E-001,6.658722E-001
756.6,1.160007E-001,1.348721E-001,1.199104E-001,7.137881E-001,7.560191E-001,1.035616E+000
758.4,8.828900E-002,1.378110E-001,1.216435E-001,1.422755E+000,1.565197E+000,1.896842E+000
760.1,8.287631E-002,1.395501E-001,1.236603E-001,1.867587E+000,2.173560E+000,2.386436E+000
761.9,9.156847E-002,7.759052E-002,8.872298E-002,1.665413E+000,1.904345E+000,2.286986E+000
763.6,7.315609E-002,8.195634E-002,9.482124E-002,1.160629E+000,1.190071E+000,1.608557E+000
765.3,7.189154E-002,6.131609E-002,8.736440E-002,6.724815E-001,7.142875E-001,1.010531E+000
767.1,7.870502E-002,4.828285E-002,4.407140E-002,3.998145E-001,4.607445E-001,7.087009E-001
768.8,-1.565249E-003,4.438050E-002,6.066437E-002,5.529787E-001,4.553344E-001,7.314209E-001
770.5,3.829384E-002,3.120026E-002,2.278307E-002,4.634808E-001,4.519419E-001,7.455924E-001
772.3,9.802131E-003,3.194551E-002,3.332466E-003,2.949915E-001,2.626345E-001,6.712669E-001
774,0.000000E+000,3.281936E-002,1.540631E-002,2.767077E-001,3.726068E-001,6.490626E-001
775.7,1.727959E-003,1.351556E-002,-1.586144E-002,2.848821E-001,3.307020E-001,5.150995E-001
777.5,-8.901111E-003,2.088652E-002,-2.541960E-002,5.590448E-002,9.539718E-002,4.876508E-001
779.2,-8.063515E-002,-1.970947E-002,-2.056037E-002,1.438746E-001,1.122341E-001,4.429440E-001
780.9,-3.764438E-003,-3.680534E-003,-6.910974E-002,5.910750E-002,1.873168E-001,4.094396E-001
782.7,-8.475806E-002,-4.143446E-002,-7.858775E-003,2.268465E-001,1.917057E-001,4.966314E-001
784.4,-4.317645E-002,1.343176E-002,-2.602161E-002,2.465225E-001,3.004814E-001,5.534115E-001
786.1,-7.763738E-002,-1.946332E-002,-2.436431E-002,2.656853E-001,2.133524E-001,5.613454E-001
787.8,-9.658128E-002,-9.836313E-003,-4.309606E-002,2.053560E-001,2.002435E-001,5.673821E-001
789.6,-1.117714E-001,-8.146336E-002,-9.948913E-002,2.074071E-001,1.866863E-001,4.584392E-001
791.3,-7.012689E-002,-3.428193E-002,-7.783482E-002,1.619266E-001,3.157904E-002,3.988162E-001
793,-6.790815E-002,-6.017007E-002,-4.978131E-002,3.332072E-002,4.873674E-002,4.274327E-001



Irradiance 	 [µE/m2/s/nm],

Time,11/10/2022 7:08:01 PM,11/10/2022 7:08:05 PM,11/10/2022 7:08:10 PM,11/10/2022 7:08:32 PM,11/10/2022 7:08:36 PM,11/10/2022 7:08:42 PM,
Index,13,14,15,16,17,18,
Name,,,,,,,
GPS,,,,,,,
[nm],
327.1,1.020666E-001,1.014783E-001,1.070323E-001,2.663483E-001,2.509133E-001,2.872321E-001
329,9.783817E-002,8.955168E-002,1.013796E-001,2.287973E-001,2.410289E-001,2.473764E-001
330.8,8.989830E-002,8.265734E-002,8.575075E-002,2.194107E-001,2.264286E-001,2.439290E-001
332.7,7.685906E-002,7.534798E-002,7.480783E-002,1.768036E-001,1.992902E-001,1.980865E-001
334.6,6.716668E-002,6.727132E-002,7.166076E-002,1.671960E-001,1.686072E-001,1.759805E-001
336.5,5.344617E-002,5.740242E-002,6.248410E-002,1.427871E-001,1.490030E-001,1.632418E-001
338.4,5.212146E-002,5.300358E-002,5.401260E-002,1.367626E-001,1.290903E-001,1.425951E-001
340.3,4.533366E-002,4.812576E-002,4.809614E-002,1.183167E-001,1.107190E-001,1.263158E-001
342.2,3.689220E-002,4.011224E-002,4.097898E-002,1.032023E-001,1.071254E-001,1.084713E-001
344,3.465349E-002,3.514938E-002,3.430430E-002,9.165545E-002,8.795496E-002,9.331280E-002
345.9,3.089295E-002,3.115821E-002,3.482504E-002,7.978077E-002,7.841690E-002,8.580310E-002
347.8,2.783352E-002,2.707287E-002,3.029028E-002,6.870820E-002,6.644848E-002,7.744565E-002
349.7,2.454895E-002,2.300431E-002,2.607853E-002,6.157291E-002,6.443315E-002,6.781128E-002
351.6,2.292618E-002,2.241519E-002,2.437419E-002,5.386182E-002,5.733529E-002,6.218377E-002
353.5,2.003276E-002,2.034541E-002,2.201569E-002,5.161143E-002,5.349668E-002,5.421619E-002
355.4,1.908364E-002,1.976945E-002,2.009167E-002,4.870121E-002,5.111384E-002,5.455669E-002
357.2,1.759719E-002,1.827494E-002,1.803704E-002,5.189275E-002,5.328166E-002,5.360642E-002
359.1,1.549198E-002,1.658542E-002,1.705130E-002,5.455431E-002,5.726406E-002,5.565579E-002
361,1.618247E-002,1.570877E-002,1.560100E-002,6.654732E-002,7.167457E-002,7.450109E-002
362.9,1.464970E-002,1.439480E-002,1.654776E-002,9.660965E-002,1.026156E-001,1.035695E-001
364.8,1.399139E-002,1.371382E-002,1.441317E-002,1.227821E-001,1.318052E-001,1.305226E-001
366.7,1.337607E-002,1.380449E-002,1.409040E-002,1.164153E-001,1.248946E-001,1.249113E-001
368.6,1.343841E-002,1.412990E-002,1.463987E-002,9.318051E-002,9.862013E-002,9.641464E-002
370.4,1.378938E-002,1.326458E-002,1.455016E-002,5.313088E-002,5.497013E-002,5.529229E-002
372.3,1.282016E-002,1.426017E-002,1.354930E-002,3.695295E-002,4.006297E-002,3.991802E-002
374.2,1.246238E-002,1.292397E-002,1.354362E-002,3.609606E-002,3.797616E-002,3.996718E-002
376.1,1.275609E-002,1.224028E-002,1.334225E-002,3.647979E-002,4.032957E-002,4.125174E-002
378,1.226480E-002,1.255840E-002,1.372159E-002,4.120130E-002,4.128537E-002,4.228189E-002
379.9,1.216914E-002,1.242609E-002,1.255656E-002,4.129527E-002,4.374975E-002,4.283647E-002
381.8,1.163552E-002,1.271295E-002,1.257878E-002,4.118320E-002,4.314838E-002,4.608499E-002
383.6,1.142655E-002,1.170769E-002,1.263235E-002,4.001330E-002,4.342228E-002,4.304963E-002
385.5,1.238651E-002,1.187348E-002,1.178189E-002,4.037725E-002,3.916588E-002,4.035151E-002
387.4,1.122690E-002,1.167565E-002,1.155857E-002,3.533908E-002,3.709440E-002,3.925253E-002
389.3,1.143863E-002,1.148938E-002,1.174623E-002,3.457074E-002,3.730049E-002,3.967594E-002
391.2,1.059785E-002,1.101394E-002,1.133240E-002,3.485187E-002,3.555572E-002,3.721311E-002
393.1,1.092657E-002,1.142491E-002,1.186655E-002,3.554394E-002,3.949968E-002,3.790259E-002
394.9,1.182814E-002,1.173529E-002,1.242009E-002,4.133644E-002,4.240865E-002,4.463207E-002
396.8,1.219870E-002,1.168586E-002,1.271819E-002,4.836829E-002,4.942799E-002,5.162232E-002
398.7,1.128006E-002,1.150504E-002,1.167871E-002,7.153429E-002,7.590808E-002,7.694355E-002
400.6,1.133219E-002,1.192826E-002,1.214813E-002,1.262566E-001,1.317885E-001,1.334531E-001
402.5,1.175259E-002,1.186432E-002,1.152382E-002,2.687369E-001,2.794186E-001,2.842530E-001
404.4,1.250883E-002,1.271644E-002,1.285467E-002,4.231325E-001,4.394397E-001,4.458731E-001
406.2,1.248931E-002,1.255588E-002,1.269013E-002,4.210089E-001,4.402366E-001,4.460734E-001
408.1,1.346338E-002,1.316330E-002,1.387462E-002,3.064505E-001,3.208301E-001,3.252219E-001
410,1.292684E-002,1.311608E-002,1.391945E-002,1.378088E-001,1.447009E-001,1.461060E-001
411.9,1.349391E-002,1.403045E-002,1.364469E-002,1.117524E-001,1.164120E-001,1.182264E-001
413.8,1.521928E-002,1.499279E-002,1.587524E-002,1.227417E-001,1.276297E-001,1.306054E-001
415.6,1.646017E-002,1.640797E-002,1.660050E-002,1.442051E-001,1.518782E-001,1.552105E-001
417.5,1.930878E-002,1.932683E-002,1.967004E-002,1.668918E-001,1.746744E-001,1.775505E-001
419.4,2.231407E-002,2.179434E-002,2.268856E-002,1.890176E-001,1.967511E-001,2.022724E-001
421.3,2.636830E-002,2.654015E-002,2.733637E-002,2.141869E-001,2.212738E-001,2.280885E-001
423.2,3.270073E-002,3.261889E-002,3.297977E-002,2.395273E-001,2.519067E-001,2.568405E-001
425,4.034752E-002,4.007227E-002,4.201151E-002,2.752405E-001,2.867111E-001,2.931111E-001
426.9,5.185654E-002,5.174725E-002,5.291280E-002,3.202200E-001,3.364815E-001,3.423797E-001
428.8,6.601154E-002,6.583059E-002,6.809242E-002,3.980153E-001,4.161516E-001,4.258702E-001
430.7,8.528228E-002,8.429285E-002,8.774642E-002,5.520826E-001,5.795879E-001,5.936721E-001
432.6,1.117637E-001,1.097613E-001,1.134805E-001,9.623215E-001,1.008097E+000,1.038805E+000
434.4,1.466304E-001,1.436062E-001,1.476534E-001,1.993553E+000,2.093160E+000,2.161578E+000
436.3,1.850586E-001,1.813994E-001,1.857162E-001,2.422312E+000,2.543191E+000,2.628125E+000
438.2,2.269476E-001,2.236160E-001,2.291131E-001,2.055646E+000,2.159259E+000,2.229960E+000
440.1,2.762149E-001,2.744798E-001,2.822939E-001,1.120995E+000,1.175653E+000,1.211422E+000
441.9,3.444444E-001,3.432783E-001,3.532401E-001,5.506494E-001,5.744415E-001,5.870984E-001
443.8,4.349228E-001,4.340194E-001,4.454485E-001,5.429272E-001,5.678785E-001,5.791337E-001
445.7,5.403145E-001,5.396606E-001,5.526377E-001,5.508255E-001,5.741246E-001,5.859262E-001
447.6,6.480922E-001,6.488932E-001,6.628564E-001,5.568026E-001,5.802129E-001,5.930980E-001
449.4,7.365462E-001,7.373729E-001,7.544605E-001,5.617465E-001,5.845984E-001,5.984783E-001
451.3,7.811440E-001,7.820650E-001,8.018502E-001,5.621594E-001,5.869522E-001,5.990226E-001
453.2,7.653244E-001,7.677417E-001,7.892417E-001,5.591311E-001,5.840572E-001,5.963887E-001
455.1,6.945785E-001,6.978399E-001,7.186210E-001,5.523524E-001,5.774971E-001,5.893624E-001
456.9,5.922878E-001,5.959302E-001,6.175525E-001,5.432600E-001,5.666421E-001,5.785327E-001
458.8,4.943747E-001,4.982889E-001,5.180701E-001,5.310273E-001,5.540820E-001,5.655525E-001
460.7,4.194086E-001,4.220207E-001,4.400834E-001,5.165667E-001,5.374996E-001,5.495782E-001
462.6,3.724613E-001,3.743435E-001,3.904600E-001,5.007800E-001,5.244963E-001,5.347174E-001
464.4,3.428773E-001,3.451043E-001,3.584243E-001,4.883228E-001,5.088779E-001,5.197490E-001
466.3,3.187322E-001,3.211209E-001,3.335000E-001,4.721857E-001,4.935199E-001,5.038195E-001
468.2,2.943745E-001,2.958957E-001,3.080300E-001,4.542965E-001,4.734685E-001,4.841693E-001
470,2.642545E-001,2.660169E-001,2.779632E-001,4.321524E-001,4.486281E-001,4.594680E-001
471.9,2.343711E-001,2.363100E-001,2.465120E-001,4.091874E-001,4.274532E-001,4.360166E-001
473.8,2.079779E-001,2.103339E-001,2.199386E-001,3.884467E-001,4.068031E-001,4.141590E-001
475.6,1.893913E-001,1.912207E-001,2.001072E-001,3.712563E-001,3.871715E-001,3.949195E-001
477.5,1.792357E-001,1.811688E-001,1.892289E-001,3.639354E-001,3.794669E-001,3.892491E-001
479.4,1.770744E-001,1.786656E-001,1.864439E-001,3.993807E-001,4.146098E-001,4.266050E-001
481.2,1.816186E-001,1.820807E-001,1.905026E-001,5.349209E-001,5.575650E-001,5.714539E-001
483.1,1.890496E-001,1.899140E-001,1.974239E-001,7.957978E-001,8.312630E-001,8.571540E-001
485,1.995735E-001,1.998437E-001,2.082350E-001,1.225981E+000,1.280157E+000,1.322145E+000
486.8,2.101408E-001,2.095514E-001,2.168167E-001,1.466056E+000,1.531047E+000,1.581139E+000
488.7,2.197827E-001,2.199813E-001,2.277845E-001,1.540953E+000,1.607514E+000,1.660969E+000
490.6,2.298445E-001,2.293844E-001,2.387303E-001,1.400516E+000,1.462150E+000,1.510709E+000
492.4,2.408281E-001,2.412935E-001,2.502536E-001,1.258204E+000,1.313239E+000,1.355348E+000
494.3,2.530482E-001,2.543325E-001,2.644552E-001,1.062030E+000,1.109755E+000,1.147620E+000
496.2,2.671178E-001,2.672721E-001,2.780599E-001,8.887699E-001,9.259006E-001,9.585141E-001
498,2.803492E-001,2.813706E-001,2.931098E-001,7.387240E-001,7.690321E-001,7.947561E-001
499.9,2.931416E-001,2.951098E-001,3.064510E-001,6.155704E-001,6.427390E-001,6.609627E-001
501.7,3.063391E-001,3.084274E-001,3.204048E-001,4.594713E-001,4.794561E-001,4.952173E-001
503.6,3.179492E-001,3.200964E-001,3.327251E-001,3.257437E-001,3.390803E-001,3.481373E-001
505.5,3.289117E-001,3.307854E-001,3.443275E-001,2.295931E-001,2.396936E-001,2.457394E-001
507.3,3.392563E-001,3.419831E-001,3.549148E-001,1.727817E-001,1.796139E-001,1.824827E-001
509.2,3.487303E-001,3.511470E-001,3.643124E-001,1.476109E-001,1.552863E-001,1.565029E-001
511,3.572244E-001,3.609199E-001,3.743866E-001,1.354931E-001,1.392302E-001,1.418311E-001
512.9,3.659265E-001,3.699836E-001,3.827880E-001,1.253569E-001,1.293873E-001,1.321452E-001
514.7,3.744334E-001,3.782280E-001,3.919482E-001,1.148171E-001,1.184853E-001,1.218793E-001
516.6,3.832778E-001,3.870870E-001,4.010372E-001,1.081687E-001,1.108675E-001,1.143749E-001
518.5,3.924971E-001,3.964949E-001,4.099717E-001,1.007814E-001,1.042128E-001,1.062826E-001
520.3,4.026676E-001,4.065827E-001,4.199877E-001,9.753917E-002,1.022955E-001,1.020777E-001
522.2,4.124033E-001,4.168706E-001,4.309378E-001,9.464328E-002,9.797951E-002,9.803321E-002
524,4.229093E-001,4.279091E-001,4.421626E-001,9.406121E-002,9.607047E-002,9.689449E-002
525.9,4.345862E-001,4.402928E-001,4.544792E-001,9.585433E-002,9.768453E-002,9.910792E-002
527.7,4.455127E-001,4.512438E-001,4.637975E-001,1.000932E-001,1.050544E-001,1.055197E-001
529.6,4.559854E-001,4.614432E-001,4.749611E-001,1.107204E-001,1.169310E-001,1.166442E-001
531.4,4.663125E-001,4.726187E-001,4.855808E-001,1.621782E-001,1.675710E-001,1.717758E-001
533.3,4.775591E-001,4.830857E-001,4.970228E-001,2.561196E-001,2.669923E-001,2.740379E-001
535.1,4.884401E-001,4.948038E-001,5.088387E-001,5.182451E-001,5.421288E-001,5.592111E-001
537,5.037032E-001,5.091838E-001,5.226901E-001,1.136188E+000,1.184698E+000,1.228189E+000
538.8,5.204291E-001,5.247928E-001,5.378136E-001,2.221361E+000,2.317383E+000,2.397508E+000
540.7,5.447209E-001,5.460797E-001,5.582031E-001,4.167086E+000,4.350248E+000,4.500291E+000
542.5,5.637228E-001,5.629308E-001,5.742195E-001,5.461478E+000,5.697563E+000,5.897404E+000
544.4,5.815404E-001,5.797997E-001,5.900658E-001,6.652645E+000,6.938099E+000,7.171770E+000
546.2,5.917400E-001,5.900114E-001,6.006880E-001,6.844648E+000,7.137126E+000,7.372433E+000
548.1,5.967390E-001,5.957325E-001,6.080487E-001,6.323240E+000,6.592583E+000,6.809740E+000
549.9,5.939394E-001,5.956372E-001,6.076488E-001,4.640881E+000,4.841263E+000,5.006096E+000
551.7,5.896544E-001,5.952078E-001,6.092250E-001,2.757851E+000,2.875230E+000,2.979958E+000
553.6,5.927291E-001,5.986947E-001,6.135637E-001,1.614932E+000,1.685537E+000,1.744234E+000
555.4,5.969062E-001,6.046809E-001,6.213665E-001,9.839869E-001,1.025061E+000,1.061669E+000
557.3,6.045416E-001,6.131449E-001,6.305428E-001,5.956005E-001,6.224514E-001,6.416626E-001
559.1,6.130259E-001,6.212979E-001,6.394078E-001,3.176662E-001,3.325647E-001,3.424078E-001
560.9,6.235241E-001,6.323584E-001,6.501479E-001,2.271875E-001,2.350945E-001,2.439142E-001
562.8,6.345695E-001,6.431212E-001,6.620970E-001,1.954699E-001,2.020445E-001,2.087945E-001
564.6,6.462780E-001,6.554209E-001,6.759159E-001,1.770726E-001,1.833778E-001,1.911565E-001
566.5,6.589723E-001,6.687227E-001,6.893671E-001,1.645726E-001,1.706806E-001,1.772125E-001
568.3,6.718421E-001,6.812331E-001,7.030529E-001,1.551790E-001,1.615079E-001,1.697005E-001
570.1,6.863013E-001,6.963125E-001,7.177043E-001,1.524127E-001,1.531705E-001,1.578191E-001
572,6.995647E-001,7.101549E-001,7.347807E-001,1.441000E-001,1.465501E-001,1.539447E-001
573.8,7.167578E-001,7.264696E-001,7.510868E-001,1.693381E-001,1.738425E-001,1.782200E-001
575.6,7.310185E-001,7.418292E-001,7.672478E-001,3.563256E-001,3.699453E-001,3.832717E-001
577.5,7.501499E-001,7.601173E-001,7.861603E-001,6.737939E-001,7.004657E-001,7.259922E-001
579.3,7.690556E-001,7.780279E-001,8.059669E-001,1.126706E+000,1.176201E+000,1.221609E+000
581.1,7.868999E-001,7.966342E-001,8.249890E-001,1.493513E+000,1.555654E+000,1.616308E+000
583,8.052615E-001,8.150893E-001,8.437123E-001,1.786560E+000,1.867356E+000,1.942170E+000
584.8,8.246476E-001,8.326314E-001,8.616804E-001,2.118973E+000,2.208829E+000,2.296193E+000
586.6,8.408700E-001,8.494969E-001,8.788450E-001,2.570527E+000,2.683498E+000,2.790167E+000
588.5,8.571916E-001,8.641264E-001,8.957088E-001,2.656391E+000,2.775397E+000,2.885023E+000
590.3,8.676779E-001,8.767900E-001,9.080473E-001,2.478012E+000,2.586448E+000,2.692333E+000
592.1,8.783069E-001,8.888048E-001,9.212909E-001,2.234407E+000,2.326975E+000,2.428729E+000
593.9,8.887661E-001,8.990632E-001,9.321585E-001,1.957117E+000,2.043719E+000,2.130577E+000
595.8,8.928571E-001,9.041521E-001,9.399220E-001,1.526942E+000,1.592866E+000,1.667001E+000
597.6,9.002176E-001,9.122517E-001,9.463908E-001,1.190904E+000,1.241877E+000,1.298621E+000
599.4,9.049929E-001,9.171314E-001,9.533862E-001,1.132274E+000,1.175428E+000,1.234619E+000
601.2,9.085298E-001,9.204697E-001,9.546116E-001,1.008944E+000,1.051350E+000,1.103992E+000
603.1,9.091098E-001,9.213856E-001,9.585567E-001,8.067657E-001,8.405900E-001,8.838202E-001
604.9,9.073549E-001,9.201491E-001,9.559265E-001,6.988168E-001,7.260624E-001,7.632744E-001
606.7,9.066955E-001,9.191730E-001,9.568239E-001,1.007596E+000,1.052572E+000,1.106456E+000
608.5,8.976717E-001,9.076776E-001,9.411256E-001,2.988527E+000,3.114420E+000,3.271103E+000
610.4,8.943879E-001,8.958393E-001,9.254777E-001,7.881135E+000,8.208474E+000,8.620093E+000
612.2,8.827311E-001,8.802778E-001,9.079826E-001,1.031503E+001,1.074962E+001,1.128789E+001
614,8.550798E-001,8.548967E-001,8.805692E-001,9.153695E+000,9.536970E+000,1.001182E+001
615.8,8.116054E-001,8.151913E-001,8.458742E-001,5.377936E+000,5.606342E+000,5.887780E+000
617.6,7.845531E-001,7.910195E-001,8.232746E-001,3.013586E+000,3.142553E+000,3.297021E+000
619.4,7.677228E-001,7.757252E-001,8.074204E-001,2.001399E+000,2.082215E+000,2.181933E+000
621.3,7.575020E-001,7.645260E-001,7.974717E-001,1.720784E+000,1.791709E+000,1.869904E+000
623.1,7.449037E-001,7.544116E-001,7.848483E-001,1.707798E+000,1.774134E+000,1.851746E+000
624.9,7.325374E-001,7.417217E-001,7.712234E-001,1.770808E+000,1.840667E+000,1.926975E+000
626.7,7.201868E-001,7.280752E-001,7.604372E-001,1.789749E+000,1.864266E+000,1.951726E+000
628.5,7.067042E-001,7.157429E-001,7.441444E-001,1.901640E+000,1.981824E+000,2.072899E+000
630.3,6.934335E-001,6.991589E-001,7.286505E-001,2.102974E+000,2.191421E+000,2.303330E+000
632.1,6.729858E-001,6.792680E-001,7.095449E-001,1.866129E+000,1.942028E+000,2.040338E+000
633.9,6.501485E-001,6.555084E-001,6.855975E-001,1.247139E+000,1.294764E+000,1.364666E+000
635.7,6.257451E-001,6.359366E-001,6.624896E-001,6.107267E-001,6.361258E-001,6.710030E-001
637.6,6.043687E-001,6.113039E-001,6.411347E-001,3.676715E-001,3.862836E-001,4.044852E-001
639.4,5.852951E-001,5.925035E-001,6.185410E-001,3.212385E-001,3.422083E-001,3.596330E-001
641.2,5.678966E-001,5.738249E-001,6.007083E-001,3.314759E-001,3.464877E-001,3.604860E-001
643,5.461054E-001,5.542070E-001,5.802614E-001,3.475953E-001,3.614045E-001,3.787763E-001
644.8,5.305395E-001,5.365302E-001,5.613706E-001,3.506675E-001,3.615772E-001,3.773542E-001
646.6,5.120084E-001,5.170190E-001,5.421160E-001,3.283697E-001,3.445903E-001,3.653311E-001
648.4,4.948469E-001,4.999403E-001,5.235064E-001,3.878615E-001,4.033506E-001,4.266579E-001
650.2,4.765754E-001,4.830341E-001,5.055452E-001,5.156636E-001,5.344466E-001,5.608301E-001
652,4.591930E-001,4.641464E-001,4.861389E-001,5.571394E-001,5.804646E-001,6.086920E-001
653.8,4.422873E-001,4.471096E-001,4.688117E-001,4.693467E-001,4.894439E-001,5.184495E-001
655.6,4.224160E-001,4.288092E-001,4.478214E-001,3.461912E-001,3.584697E-001,3.795194E-001
657.4,4.032648E-001,4.083356E-001,4.286374E-001,2.891778E-001,2.998732E-001,3.121708E-001
659.2,3.851127E-001,3.904823E-001,4.090957E-001,2.972760E-001,3.079922E-001,3.270287E-001
661,3.698516E-001,3.736806E-001,3.914429E-001,3.706507E-001,3.825523E-001,4.067052E-001
662.8,3.519689E-001,3.556355E-001,3.732406E-001,4.419546E-001,4.574285E-001,4.837822E-001
664.6,3.348367E-001,3.367792E-001,3.552737E-001,4.443660E-001,4.675562E-001,4.896662E-001
666.4,3.166439E-001,3.206720E-001,3.380624E-001,3.703034E-001,3.848094E-001,4.043753E-001
668.2,3.019238E-001,3.043348E-001,3.202872E-001,2.785444E-001,2.897953E-001,3.068410E-001
669.9,2.847431E-001,2.874359E-001,3.034109E-001,2.220205E-001,2.331464E-001,2.503774E-001
671.7,2.713674E-001,2.739447E-001,2.872979E-001,2.108799E-001,2.176902E-001,2.271995E-001
673.5,2.548413E-001,2.577503E-001,2.716473E-001,1.987535E-001,2.078669E-001,2.194084E-001
675.3,2.417502E-001,2.440401E-001,2.567228E-001,1.925893E-001,2.051485E-001,2.152519E-001
677.1,2.275603E-001,2.313140E-001,2.423046E-001,1.836132E-001,1.922345E-001,1.996684E-001
678.9,2.171402E-001,2.172603E-001,2.313898E-001,1.886877E-001,1.954497E-001,2.056968E-001
680.7,2.064359E-001,2.076837E-001,2.171655E-001,1.924972E-001,2.012505E-001,2.165537E-001
682.5,1.938227E-001,1.947596E-001,2.075201E-001,2.057019E-001,2.110344E-001,2.303500E-001
684.3,1.842537E-001,1.831888E-001,1.946232E-001,2.306855E-001,2.408206E-001,2.597130E-001
686,1.741836E-001,1.774863E-001,1.848810E-001,3.070125E-001,3.167820E-001,3.376194E-001
687.8,1.647609E-001,1.642048E-001,1.737318E-001,3.753306E-001,3.964852E-001,4.186988E-001
689.6,1.565597E-001,1.574486E-001,1.636979E-001,3.804067E-001,3.915056E-001,4.178043E-001
691.4,1.463780E-001,1.508202E-001,1.539132E-001,3.022287E-001,3.134268E-001,3.335081E-001
693.2,1.390196E-001,1.381595E-001,1.459922E-001,2.602706E-001,2.741222E-001,2.870184E-001
694.9,1.295927E-001,1.312294E-001,1.378389E-001,2.267354E-001,2.345544E-001,2.505806E-001
696.7,1.195441E-001,1.223669E-001,1.279359E-001,1.512784E-001,1.639820E-001,1.740865E-001
698.5,1.128362E-001,1.148486E-001,1.213490E-001,9.496562E-002,9.838893E-002,1.050701E-001
700.3,1.061491E-001,1.092897E-001,1.132291E-001,9.217841E-002,9.061429E-002,1.022867E-001
702.1,1.005533E-001,1.038734E-001,1.061946E-001,1.263982E-001,1.387501E-001,1.499081E-001
703.8,9.599175E-002,9.680295E-002,1.032659E-001,2.797374E-001,2.996031E-001,3.160952E-001
705.6,9.161672E-002,9.274633E-002,9.785323E-002,5.788053E-001,5.884762E-001,6.280408E-001
707.4,8.872841E-002,8.869150E-002,9.150822E-002,9.093025E-001,9.337709E-001,9.875247E-001
709.2,8.697166E-002,8.591485E-002,8.655815E-002,1.070603E+000,1.112216E+000,1.172950E+000
710.9,7.788374E-002,7.911461E-002,8.304595E-002,1.023579E+000,1.063913E+000,1.118062E+000
712.7,7.361200E-002,7.346861E-002,7.684866E-002,8.376104E-001,8.652155E-001,9.105774E-001
714.5,6.646241E-002,6.810416E-002,6.673545E-002,5.573756E-001,5.774185E-001,6.209745E-001
716.2,6.062008E-002,6.069221E-002,6.203980E-002,2.930588E-001,2.945188E-001,3.074467E-001
718,5.622623E-002,5.599864E-002,5.370867E-002,1.284728E-001,1.292895E-001,1.411388E-001
719.8,5.078195E-002,5.161540E-002,5.330422E-002,6.312394E-002,6.641180E-002,7.415547E-002
721.5,4.671524E-002,5.099223E-002,4.677561E-002,4.521584E-002,3.919124E-002,5.585392E-002
723.3,4.373877E-002,4.665152E-002,4.428127E-002,4.724682E-002,4.360250E-002,5.974164E-002
725.1,3.938989E-002,4.189760E-002,4.447900E-002,3.907991E-002,2.816603E-002,4.969516E-002
726.8,3.854473E-002,3.725979E-002,4.142258E-002,3.504758E-002,2.917380E-002,4.737087E-002
728.6,3.349290E-002,3.467264E-002,3.337867E-002,3.179402E-002,2.848876E-002,4.232806E-002
730.3,3.418249E-002,3.406538E-002,3.486344E-002,3.278984E-002,2.608365E-002,3.807743E-002
732.1,3.108711E-002,3.039422E-002,3.238101E-002,2.336724E-002,3.122456E-002,4.085498E-002
733.9,2.672023E-002,2.903940E-002,2.804082E-002,2.427142E-002,1.944088E-002,4.003070E-002
735.6,2.407374E-002,2.569654E-002,2.646802E-002,2.080706E-002,2.197980E-002,2.580126E-002
737.4,2.161261E-002,2.479645E-002,2.496725E-002,1.904523E-002,1.350624E-002,3.020549E-002
739.1,2.066543E-002,2.181691E-002,2.331935E-002,1.984846E-002,2.272028E-002,2.833952E-002
740.9,2.154963E-002,2.085541E-002,1.818560E-002,3.263394E-002,2.763445E-002,4.494688E-002
742.6,1.499662E-002,1.784983E-002,1.629289E-002,3.071349E-002,3.660414E-002,4.990510E-002
744.4,1.735249E-002,1.749261E-002,1.495000E-002,3.130761E-002,2.557766E-002,4.949560E-002
746.1,1.238032E-002,1.210438E-002,1.273580E-002,2.681244E-002,2.205977E-002,4.299321E-002
747.9,1.498694E-002,1.300187E-002,1.130266E-002,2.568614E-002,2.989440E-002,3.571329E-002
749.6,1.094691E-002,1.355703E-002,1.020799E-002,2.291779E-002,2.474158E-002,3.191845E-002
751.4,1.049770E-002,1.227621E-002,1.049688E-002,1.535182E-002,1.024237E-002,2.404627E-002
753.1,9.954422E-003,8.242874E-003,8.495136E-003,1.594896E-002,7.775946E-003,3.027942E-002
754.9,7.522187E-003,1.010022E-002,9.411032E-003,2.440939E-002,2.533729E-002,4.201865E-002
756.6,7.336932E-003,8.530531E-003,7.584214E-003,4.514640E-002,4.781747E-002,6.550168E-002
758.4,5.597063E-003,8.736497E-003,7.711566E-003,9.019523E-002,9.922533E-002,1.202499E-001
760.1,5.265999E-003,8.867080E-003,7.857433E-003,1.186673E-001,1.381090E-001,1.516353E-001
761.9,5.831634E-003,4.941433E-003,5.650415E-003,1.060636E-001,1.212802E-001,1.456491E-001
763.6,4.669665E-003,5.231399E-003,6.052585E-003,7.408472E-002,7.596403E-002,1.026766E-001
765.3,4.599400E-003,3.922815E-003,5.589307E-003,4.302331E-002,4.569793E-002,6.465068E-002
767.1,5.046742E-003,3.096004E-003,2.825957E-003,2.563700E-002,2.954397E-002,4.544349E-002
768.8,-1.005946E-004,2.852221E-003,3.898744E-003,3.553854E-002,2.926318E-002,4.700656E-002
770.5,2.466604E-003,2.009689E-003,1.467516E-003,2.985399E-002,2.911074E-002,4.802552E-002
772.3,6.328020E-004,2.062326E-003,2.151360E-004,1.904394E-002,1.695505E-002,4.333538E-002
774,0.000000E+000,2.123496E-003,9.968270E-004,1.790368E-002,2.410860E-002,4.199599E-002
775.7,1.120536E-004,8.764486E-004,-1.028572E-003,1.847386E-002,2.144515E-002,3.340284E-002
777.5,-5.785019E-004,1.357459E-003,-1.652074E-003,3.633350E-003,6.200064E-003,3.169345E-002
779.2,-5.252311E-003,-1.283811E-003,-1.339236E-003,9.371523E-003,7.310567E-003,2.885193E-002
780.9,-2.457474E-004,-2.402700E-004,-4.511573E-003,3.858614E-003,1.222829E-002,2.672875E-002
782.7,-5.545360E-003,-2.710880E-003,-5.141663E-004,1.484160E-002,1.254249E-002,3.249248E-002
784.4,-2.831084E-003,8.807219E-004,-1.706240E-003,1.616451E-002,1.970259E-002,3.628725E-002
786.1,-5.101890E-003,-1.279019E-003,-1.601085E-003,1.745934E-002,1.402032E-002,3.688845E-002
787.8,-6.360700E-003,-6.478050E-004,-2.838242E-003,1.352444E-002,1.318774E-002,3.736694E-002
789.6,-7.377197E-003,-5.376791E-003,-6.566538E-003,1.368940E-002,1.232177E-002,3.025816E-002
791.3,-4.638651E-003,-2.267630E-003,-5.148503E-003,1.071088E-002,2.088844E-003,2.638031E-002
793,-4.501658E-003,-3.988697E-003,-3.300022E-003,2.208843E-003,3.230777E-003,2.833468E-002
