UNIX time;ISO time;temperature min;temperature avg;temperature max;pressure min;pressure avg;pressure max;humidity min;humidity avg;humidity max
1504432800;2017-09-03T13:00:00.000Z;17.017;17.074;17.135;1006.103;1006.217;1006.33;57.682;57.817;57.88
1504436400;2017-09-03T14:00:00.000Z;17.135;17.226;17.328;1006.128;1006.33;1006.51;57.591;57.66;57.735
1504440000;2017-09-03T15:00:00.000Z;17.318;17.402;17.575;1006.188;1006.385;1006.525;57.27;57.573;57.728
1504443600;2017-09-03T16:00:00.000Z;17.564;17.913;18.262;1005.73;1006.005;1006.425;56.179;56.675;57.27
1504447200;2017-09-03T17:00:00.000Z;18.24;18.598;19.066;1005.685;1005.888;1006.12;54.836;55.615;56.24
1504450800;2017-09-03T18:00:00.000Z;19.066;19.453;20.01;1005.878;1006.074;1006.225;53.501;54.358;55.035
1504454400;2017-09-03T19:00:00.000Z;19.785;20.102;20.278;1005.985;1006.259;1006.633;53.143;53.567;54.462
1504458000;2017-09-03T20:00:00.000Z;19.162;19.455;19.785;1006.493;1006.742;1007.07;54.432;55.289;56.011
1504461600;2017-09-03T21:00:00.000Z;18.712;18.934;19.162;1006.955;1007.158;1007.308;55.981;56.777;57.377
1504465200;2017-09-03T22:00:00.000Z;18.433;18.577;18.723;1007.13;1007.318;1007.52;57.323;57.46;57.56
1504468800;2017-09-03T23:00:00.000Z;18.186;18.299;18.433;1007.435;1007.818;1008.05;57.468;57.557;57.621
1504472400;2017-09-04T00:00:00.000Z;18.004;18.1;18.197;1007.998;1008.27;1008.473;57.453;57.523;57.568
1504476000;2017-09-04T01:00:00.000Z;17.715;17.869;18.004;1008.365;1008.74;1008.995;57.377;57.439;57.484
1504479600;2017-09-04T02:00:00.000Z;17.414;17.571;17.725;1008.5;1008.736;1009.048;57.385;57.436;57.468
1504483200;2017-09-04T03:00:00.000Z;17.103;17.262;17.425;1008.65;1008.857;1009.08;57.415;57.458;57.507
1504486800;2017-09-04T04:00:00.000Z;16.814;16.963;17.103;1008.613;1008.826;1009.188;57.453;57.486;57.514
1504490400;2017-09-04T05:00:00.000Z;16.524;16.677;16.824;1008.46;1008.661;1008.988;57.43;57.466;57.514
1504494000;2017-09-04T06:00:00.000Z;16.245;16.377;16.524;1008.445;1008.604;1008.76;57.438;57.482;57.507
1504497600;2017-09-04T07:00:00.000Z;16.02;16.13;16.256;1008.528;1008.784;1009.08;57.446;57.477;57.507
1504501200;2017-09-04T08:00:00.000Z;15.87;15.945;16.031;1008.96;1009.118;1009.358;57.339;57.407;57.453
1504504800;2017-09-04T09:00:00.000Z;15.827;15.85;15.881;1008.973;1009.113;1009.283;56.995;57.244;57.369
1504508400;2017-09-04T10:00:00.000Z;15.87;15.937;15.999;1008.873;1009.046;1009.35;56.591;56.814;57.026
1504512000;2017-09-04T11:00:00.000Z;15.988;16.035;16.084;1009.035;1009.28;1009.58;56.248;56.561;56.736
1504515600;2017-09-04T12:00:00.000Z;16.084;16.221;16.331;1009.16;1009.43;1009.763;56.248;56.341;56.416
1504519200;2017-09-04T13:00:00.000Z;16.331;16.419;16.503;1009.543;1009.702;1009.903;56.065;56.219;56.324
1504522800;2017-09-04T14:00:00.000Z;16.492;16.558;16.653;1009.723;1009.886;1010.093;55.95;56.045;56.095
1504526400;2017-09-04T15:00:00.000Z;16.653;16.858;17.178;1009.753;1009.94;1010.128;55.18;55.729;56.004
1504530000;2017-09-04T16:00:00.000Z;17.178;17.491;17.811;1009.698;1009.843;1010.003;54.363;54.855;55.21
1504533600;2017-09-04T17:00:00.000Z;17.811;18.175;18.498;1009.488;1009.683;1009.94;53.646;54.007;54.394
1504537200;2017-09-04T18:00:00.000Z;18.487;18.905;19.398;1009.258;1009.538;1009.76;52.464;53.129;53.677
1504540800;2017-09-04T19:00:00.000Z;19.216;19.524;19.72;1009.273;1009.455;1009.77;52.105;52.556;53.478
1504544400;2017-09-04T20:00:00.000Z;18.551;18.852;19.227;1009.67;1009.973;1010.288;53.448;54.316;55.195
1504548000;2017-09-04T21:00:00.000Z;18.154;18.353;18.562;1010.193;1010.434;1010.54;55.141;55.691;56.072
1504551600;2017-09-04T22:00:00.000Z;17.886;18.013;18.165;1010.408;1010.716;1010.865;55.935;56.166;56.309
1504555200;2017-09-04T23:00:00.000Z;17.661;17.758;17.886;1010.778;1010.98;1011.248;56.255;56.379;56.454
1504558800;2017-09-05T00:00:00.000Z;17.479;17.556;17.661;1011.045;1011.195;1011.388;56.385;56.449;56.522
1504562400;2017-09-05T01:00:00.000Z;17.253;17.371;17.489;1011.253;1011.424;1011.585;56.385;56.436;56.5
1504566000;2017-09-05T02:00:00.000Z;17.007;17.116;17.264;1011.388;1011.528;1011.663;56.446;56.519;56.591
1504569600;2017-09-05T03:00:00.000Z;16.749;16.88;17.007;1011.42;1011.548;1011.698;56.538;56.617;56.683
1504573200;2017-09-05T04:00:00.000Z;16.481;16.628;16.76;1011.553;1011.665;1011.765;56.629;56.68;56.782
1504576800;2017-09-05T05:00:00.000Z;16.235;16.36;16.481;1011.355;1011.518;1011.665;56.728;56.812;56.873
1504580400;2017-09-05T06:00:00.000Z;15.966;16.097;16.235;1011.233;1011.349;1011.478;56.85;56.909;56.965
1504584000;2017-09-05T07:00:00.000Z;15.709;15.837;15.977;1011.373;1011.644;1011.983;56.889;56.949;56.973
1504587600;2017-09-05T08:00:00.000Z;15.612;15.646;15.72;1011.885;1012.027;1012.175;56.751;56.903;56.973
1504591200;2017-09-05T09:00:00.000Z;15.602;15.645;15.752;1011.74;1011.861;1012.015;56.522;56.777;57.148
1504594800;2017-09-05T10:00:00.000Z;15.752;15.902;16.063;1011.733;1011.903;1012.01;56.973;57.143;57.285
1504598400;2017-09-05T11:00:00.000Z;16.052;16.139;16.235;1011.868;1012.01;1012.188;56.561;56.869;57.133
1504602000;2017-09-05T12:00:00.000Z;16.235;16.312;16.449;1011.818;1011.921;1012.065;56.072;56.393;56.561
1504605600;2017-09-05T13:00:00.000Z;16.428;16.489;16.599;1011.735;1011.882;1012.04;55.866;56.066;56.21
1504609200;2017-09-05T14:00:00.000Z;16.567;16.627;16.696;1011.585;1011.764;1011.898;55.775;55.854;55.95
1504612800;2017-09-05T15:00:00.000Z;16.696;16.944;17.286;1011.168;1011.405;1011.76;54.928;55.451;55.805
1504616400;2017-09-05T16:00:00.000Z;17.103;17.345;17.554;1010.913;1011.129;1011.425;54.577;55.048;55.531
1504620000;2017-09-05T17:00:00.000Z;17.468;17.718;17.875;1010.728;1010.844;1011.07;54.478;54.794;55.149
1504623600;2017-09-05T18:00:00.000Z;17.704;17.86;18.058;1010.8;1010.922;1011.045;54.295;54.755;55.225
1504627200;2017-09-05T19:00:00.000Z;17.65;17.735;17.875;1010.745;1010.877;1011.095;54.905;55.188;55.515
1504630800;2017-09-05T20:00:00.000Z;17.607;17.67;17.811;1010.593;1010.716;1010.85;55.08;55.655;56.057
1504634400;2017-09-05T21:00:00.000Z;17.339;17.485;17.629;1010.59;1010.728;1010.838;55.943;56.163;56.385
1504638000;2017-09-05T22:00:00.000Z;17.017;17.195;17.339;1010.523;1010.706;1010.863;56.332;56.51;56.652
1504641600;2017-09-05T23:00:00.000Z;16.706;16.882;17.028;1010.495;1010.568;1010.668;56.622;56.671;56.721
1504645200;2017-09-06T00:00:00.000Z;16.353;16.535;16.717;1010.238;1010.428;1010.638;56.667;56.718;56.782
1504648800;2017-09-06T01:00:00.000Z;16.031;16.195;16.353;1010.218;1010.393;1010.518;56.652;56.709;56.782
1504652400;2017-09-06T02:00:00.000Z;15.677;15.853;16.031;1009.688;1010.02;1010.28;56.576;56.632;56.683
1504656000;2017-09-06T03:00:00.000Z;15.312;15.496;15.688;1009.245;1009.526;1009.78;56.438;56.524;56.606
1504659600;2017-09-06T04:00:00.000Z;14.969;15.142;15.323;1008.698;1008.989;1009.293;56.339;56.418;56.5
1504663200;2017-09-06T05:00:00.000Z;14.604;14.793;14.969;1007.968;1008.375;1008.78;56.232;56.316;56.37
1504666800;2017-09-06T06:00:00.000Z;14.24;14.422;14.615;1007.593;1007.803;1008.045;56.187;56.247;56.316
1504670400;2017-09-06T07:00:00.000Z;13.918;14.1;14.24;1007.473;1007.579;1007.68;56.133;56.168;56.217
1504674000;2017-09-06T08:00:00.000Z;13.682;13.79;13.929;1007.263;1007.477;1007.638;56.057;56.093;56.133
1504677600;2017-09-06T09:00:00.000Z;13.628;13.667;13.757;1006.945;1007.202;1007.36;56.004;56.176;56.423
1504681200;2017-09-06T10:00:00.000Z;13.746;13.918;14.122;1006.42;1006.694;1007.005;56.057;56.225;56.4
1504684800;2017-09-06T11:00:00.000Z;14.122;14.316;14.508;1006.095;1006.384;1006.518;56.133;56.251;56.385
1504688400;2017-09-06T12:00:00.000Z;14.497;14.724;14.948;1005.485;1005.873;1006.195;55.996;56.135;56.294
1504692000;2017-09-06T13:00:00.000Z;14.937;15.023;15.162;1004.873;1005.268;1005.57;55.737;55.93;56.11
1504695600;2017-09-06T14:00:00.000Z;15.151;15.284;15.409;1004.025;1004.479;1004.935;55.553;55.643;55.759
1504699200;2017-09-06T15:00:00.000Z;15.398;15.572;15.838;1003.238;1003.747;1004.095;55.203;55.545;55.759
1504702800;2017-09-06T16:00:00.000Z;15.752;15.826;16.084;1002.973;1003.156;1003.385;55.08;55.593;55.691
1504706400;2017-09-06T17:00:00.000Z;15.966;16.024;16.117;1002.328;1002.657;1003.028;54.852;55.514;55.737
1504710000;2017-09-06T18:00:00.000Z;16.063;16.133;16.213;1001.753;1002.02;1002.388;55.363;55.535;55.622
1504713600;2017-09-06T19:00:00.000Z;16.181;16.217;16.256;1001.468;1001.674;1001.815;55.271;55.349;55.416
1504717200;2017-09-06T20:00:00.000Z;16.063;16.147;16.235;1001.335;1001.427;1001.525;55.302;55.504;55.706
1504720800;2017-09-06T21:00:00.000Z;15.891;15.983;16.074;1001.105;1001.279;1001.463;55.706;55.873;56.026
1504724400;2017-09-06T22:00:00.000Z;15.752;15.829;15.902;1000.858;1001.068;1001.26;55.996;56.091;56.171
1504728000;2017-09-06T23:00:00.000Z;15.612;15.688;15.763;1000.24;1000.548;1000.923;56.149;56.203;56.286
1504731600;2017-09-07T00:00:00.000Z;15.452;15.541;15.623;999.775;1000.089;1000.338;56.24;56.324;56.469
1504735200;2017-09-07T01:00:00.000Z;15.248;15.351;15.452;999.318;999.566;999.855;56.438;56.528;56.644
1504738800;2017-09-07T02:00:00.000Z;15.033;15.143;15.248;998.735;999.076;999.4;56.591;56.654;56.705
1504742400;2017-09-07T03:00:00.000Z;14.872;14.956;15.033;998.185;998.438;998.805;56.629;56.67;56.705
1504746000;2017-09-07T04:00:00.000Z;14.712;14.795;14.883;997.558;997.905;998.258;56.606;56.648;56.683
1504749600;2017-09-07T05:00:00.000Z;14.594;14.649;14.712;997.043;997.361;997.625;56.576;56.619;56.66
1504753200;2017-09-07T06:00:00.000Z;14.476;14.537;14.594;996.588;996.809;997.103;56.553;56.595;56.637
1504756800;2017-09-07T07:00:00.000Z;14.39;14.435;14.486;996.368;996.518;996.693;56.438;56.588;56.69
1504760400;2017-09-07T08:00:00.000Z;14.347;14.371;14.401;996.168;996.306;996.49;56.355;56.469;56.583
1504764000;2017-09-07T09:00:00.000Z;14.325;14.342;14.358;995.928;996.16;996.315;56.21;56.326;56.408
1504767600;2017-09-07T10:00:00.000Z;14.315;14.342;14.39;995.41;995.722;995.985;56.011;56.162;56.294
1504771200;2017-09-07T11:00:00.000Z;14.379;14.427;14.476;994.903;995.205;995.47;55.752;55.891;56.072
1504774800;2017-09-07T12:00:00.000Z;14.454;14.497;14.561;994.473;994.726;994.978;55.637;55.743;55.897
1504778400;2017-09-07T13:00:00.000Z;14.551;14.572;14.583;994.148;994.29;994.533;55.614;55.688;55.782
1504782000;2017-09-07T14:00:00.000Z;14.572;14.58;14.604;993.87;994.038;994.245;55.752;55.886;56.065
1504785600;2017-09-07T15:00:00.000Z;14.594;14.61;14.626;993.468;993.719;993.953;55.95;56.092;56.263
1504789200;2017-09-07T16:00:00.000Z;14.626;14.658;14.701;992.953;993.242;993.548;56.179;56.265;56.377
1504792800;2017-09-07T17:00:00.000Z;14.669;14.69;14.712;992.705;992.871;993.018;56.232;56.369;56.492
1504796400;2017-09-07T18:00:00.000Z;14.658;14.683;14.712;992.43;992.593;992.793;56.431;56.636;56.805
1504800000;2017-09-07T19:00:00.000Z;14.626;14.65;14.669;992.235;992.427;992.555;56.744;56.827;56.919
1504803600;2017-09-07T20:00:00.000Z;14.561;14.601;14.636;991.62;992.002;992.295;56.858;56.976;57.087
1504807200;2017-09-07T21:00:00.000Z;14.508;14.537;14.572;991.363;991.556;991.685;57.003;57.15;57.285
1504810800;2017-09-07T22:00:00.000Z;14.411;14.462;14.508;990.98;991.242;991.443;57.262;57.359;57.491
1504814400;2017-09-07T23:00:00.000Z;14.336;14.38;14.422;990.755;990.904;991.05;57.407;57.509;57.606
1504818000;2017-09-08T00:00:00.000Z;14.25;14.282;14.336;990.208;990.492;990.833;57.545;57.631;57.72
1504821600;2017-09-08T01:00:00.000Z;14.24;14.242;14.25;990.033;990.138;990.31;57.667;57.752;57.804
1504825200;2017-09-08T02:00:00.000Z;14.154;14.205;14.24;989.575;989.839;990.108;57.751;57.857;57.98
1504828800;2017-09-08T03:00:00.000Z;14.047;14.103;14.154;989.1;989.342;989.635;57.865;57.931;58.01
1504832400;2017-09-08T04:00:00.000Z;13.982;14.017;14.057;988.808;988.97;989.183;57.865;57.938;58.033
1504836000;2017-09-08T05:00:00.000Z;13.907;13.943;13.982;988.623;988.761;988.923;57.865;57.97;58.064
1504839600;2017-09-08T06:00:00.000Z;13.832;13.87;13.907;988.313;988.495;988.685;57.934;58.049;58.132
1504843200;2017-09-08T07:00:00.000Z;13.768;13.8;13.832;988.093;988.216;988.373;58.041;58.151;58.27
1504846800;2017-09-08T08:00:00.000Z;13.714;13.745;13.778;988.15;988.299;988.438;58.102;58.208;58.3
1504850400;2017-09-08T09:00:00.000Z;13.682;13.704;13.736;988.333;988.402;988.475;58.018;58.161;58.3
1504854000;2017-09-08T10:00:00.000Z;13.693;13.698;13.714;988.328;988.396;988.49;57.987;58.06;58.163
1504857600;2017-09-08T11:00:00.000Z;13.693;13.721;13.746;988.383;988.489;988.615;57.873;58.021;58.132
1504861200;2017-09-08T12:00:00.000Z;13.725;13.737;13.768;988.54;988.644;988.755;57.789;57.945;58.071
1504864800;2017-09-08T13:00:00.000Z;13.746;13.805;13.843;988.61;988.775;988.918;57.423;57.62;57.842
1504868400;2017-09-08T14:00:00.000Z;13.832;13.924;14.025;988.868;989.018;989.14;57.133;57.283;57.529
1504872000;2017-09-08T15:00:00.000Z;14.014;14.119;14.24;989.05;989.223;989.365;56.988;57.16;57.301
1504875600;2017-09-08T16:00:00.000Z;14.24;14.248;14.293;989.275;989.465;989.683;57.011;57.144;57.323
1504879200;2017-09-08T17:00:00.000Z;14.261;14.359;14.443;989.56;989.699;989.818;56.919;57.071;57.232
1504882800;2017-09-08T18:00:00.000Z;14.443;14.473;14.497;989.683;989.775;989.903;56.973;57.173;57.377
1504886400;2017-09-08T19:00:00.000Z;14.486;14.528;14.583;989.82;989.917;990.025;57.064;57.237;57.346
1504890000;2017-09-08T20:00:00.000Z;14.476;14.551;14.594;989.723;989.861;990.035;56.919;57.128;57.377
1504893600;2017-09-08T21:00:00.000Z;14.39;14.423;14.476;989.738;989.863;990;57.377;57.631;57.827
1504897200;2017-09-08T22:00:00.000Z;14.325;14.362;14.401;989.948;990.026;990.125;57.804;57.898;57.972
1504900800;2017-09-08T23:00:00.000Z;14.25;14.28;14.336;989.875;989.973;990.068;57.941;58.049;58.17
1504904400;2017-09-09T00:00:00.000Z;14.24;14.243;14.25;989.965;990.112;990.298;58.086;58.19;58.262
1504908000;2017-09-09T01:00:00.000Z;14.175;14.225;14.24;990.213;990.351;990.453;58.178;58.252;58.346
1504911600;2017-09-09T02:00:00.000Z;14.079;14.137;14.186;990.215;990.402;990.553;58.292;58.368;58.491
1504915200;2017-09-09T03:00:00.000Z;14.004;14.045;14.09;990.183;990.343;990.498;58.46;58.529;58.605
1504918800;2017-09-09T04:00:00.000Z;13.918;13.962;14.014;990.108;990.25;990.373;58.552;58.634;58.72
1504922400;2017-09-09T05:00:00.000Z;13.843;13.887;13.929;989.925;990.065;990.195;58.582;58.663;58.75
1504926000;2017-09-09T06:00:00.000Z;13.778;13.82;13.854;989.758;989.905;990.028;58.468;58.58;58.666
1504929600;2017-09-09T07:00:00.000Z;13.714;13.749;13.789;989.538;989.664;989.845;58.437;58.561;58.666
1504933200;2017-09-09T08:00:00.000Z;13.671;13.695;13.725;989.363;989.529;989.65;58.414;58.478;58.613
1504936800;2017-09-09T09:00:00.000Z;13.65;13.666;13.682;989.285;989.401;989.493;58.132;58.323;58.468
1504940400;2017-09-09T10:00:00.000Z;13.628;13.647;13.661;989.203;989.342;989.415;57.819;57.989;58.216
1504944000;2017-09-09T11:00:00.000Z;13.628;13.638;13.65;989.193;989.308;989.43;57.758;57.849;57.957
1504947600;2017-09-09T12:00:00.000Z;13.628;13.648;13.682;989.15;989.226;989.315;57.652;57.779;57.873
1504951200;2017-09-09T13:00:00.000Z;13.671;13.7;13.736;989.04;989.188;989.315;57.537;57.594;57.674
1504954800;2017-09-09T14:00:00.000Z;13.736;13.802;13.864;989.19;989.312;989.428;57.423;57.49;57.591
1504958400;2017-09-09T15:00:00.000Z;13.854;13.904;13.929;989.305;989.441;989.615;57.354;57.428;57.499
1504962000;2017-09-09T16:00:00.000Z;13.929;13.981;14.036;989.51;989.724;989.993;57.301;57.386;57.468
1504965600;2017-09-09T17:00:00.000Z;14.025;14.079;14.175;989.94;990.085;990.298;57.415;57.538;57.72
1504969200;2017-09-09T18:00:00.000Z;14.165;14.224;14.25;990.17;990.384;990.763;57.636;57.742;57.888
1504972800;2017-09-09T19:00:00.000Z;14.25;14.284;14.336;990.575;990.71;990.885;57.774;57.895;57.972
1504976400;2017-09-09T20:00:00.000Z;14.325;14.372;14.401;990.698;990.822;990.938;57.919;58;58.117
1504980000;2017-09-09T21:00:00.000Z;14.39;14.43;14.465;990.863;991.095;991.26;57.941;58.072;58.254
1504983600;2017-09-09T22:00:00.000Z;14.454;14.487;14.519;991.163;991.246;991.36;58.002;58.107;58.254
1504987200;2017-09-09T23:00:00.000Z;14.508;14.539;14.572;991.08;991.228;991.4;58.056;58.128;58.224
1504990800;2017-09-10T00:00:00.000Z;14.561;14.591;14.615;991.075;991.163;991.233;58.056;58.161;58.338
1504994400;2017-09-10T01:00:00.000Z;14.615;14.639;14.658;990.835;991.067;991.238;58.109;58.284;58.453
1504998000;2017-09-10T02:00:00.000Z;14.658;14.676;14.701;990.65;990.754;990.923;58.14;58.286;58.369
1505001600;2017-09-10T03:00:00.000Z;14.69;14.724;14.744;990.653;990.77;990.893;58.254;58.42;58.537
1505005200;2017-09-10T04:00:00.000Z;14.744;14.761;14.787;990.32;990.551;990.763;58.308;58.456;58.567
1505008800;2017-09-10T05:00:00.000Z;14.765;14.796;14.819;990.06;990.381;990.628;58.361;58.499;58.62
1505012400;2017-09-10T06:00:00.000Z;14.787;14.816;14.84;989.933;990.109;990.22;58.338;58.59;58.819
1505016000;2017-09-10T07:00:00.000Z;14.83;14.852;14.872;988.975;989.606;990.02;58.567;58.696;58.849
1505019600;2017-09-10T08:00:00.000Z;14.862;14.88;14.915;988.743;989.047;989.353;58.506;58.708;58.987
1505023200;2017-09-10T09:00:00.000Z;14.905;14.934;14.958;988.98;989.314;989.548;58.788;58.955;59.216
1505026800;2017-09-10T10:00:00.000Z;14.948;14.988;15.023;989.14;989.479;989.773;58.842;59.077;59.383
1505030400;2017-09-10T11:00:00.000Z;15.012;15.045;15.076;989.51;989.686;989.935;59.071;59.292;59.528
1505034000;2017-09-10T12:00:00.000Z;15.055;15.1;15.151;989.818;989.941;990.123;58.987;59.181;59.414
1505037600;2017-09-10T13:00:00.000Z;15.151;15.229;15.323;989.758;989.915;990.108;58.811;59.018;59.208
1505041200;2017-09-10T14:00:00.000Z;15.323;15.395;15.505;989.815;990.054;990.19;58.857;59.056;59.261
1505044800;2017-09-10T15:00:00.000Z;15.494;15.59;15.688;990.045;990.16;990.345;58.834;59.228;59.483
1505048400;2017-09-10T16:00:00.000Z;15.677;15.735;15.795;990.045;990.23;990.36;59.315;59.526;59.711
1505052000;2017-09-10T17:00:00.000Z;15.784;15.814;15.87;990.26;990.413;990.535;59.597;59.834;59.963
1505055600;2017-09-10T18:00:00.000Z;15.859;15.897;15.934;990.375;990.46;990.555;59.795;59.858;59.94
1505059200;2017-09-10T19:00:00.000Z;15.913;15.932;15.956;990.418;990.518;990.638;59.826;59.997;60.108
1505062800;2017-09-10T20:00:00.000Z;15.923;15.951;15.977;990.055;990.346;990.545;59.849;59.982;60.108
1505066400;2017-09-10T21:00:00.000Z;15.881;15.915;15.966;989.903;990.057;990.21;59.849;59.962;60.055
1505070000;2017-09-10T22:00:00.000Z;15.848;15.878;15.913;989.535;989.699;989.993;59.963;60.038;60.139
1505073600;2017-09-10T23:00:00.000Z;15.87;15.887;15.902;989.553;989.695;989.82;59.879;59.968;60.192
1505077200;2017-09-11T00:00:00.000Z;15.827;15.861;15.891;989.435;989.594;989.783;59.826;59.948;60.169
1505080800;2017-09-11T01:00:00.000Z;15.795;15.814;15.838;989.17;989.391;989.618;59.94;60.071;60.452
1505084400;2017-09-11T02:00:00.000Z;15.784;15.806;15.827;989.145;989.237;989.33;59.994;60.276;60.734
1505088000;2017-09-11T03:00:00.000Z;15.784;15.813;15.838;989.198;989.361;989.513;60.055;60.21;60.337
1505091600;2017-09-11T04:00:00.000Z;15.752;15.779;15.806;989.415;989.719;989.918;60.085;60.241;60.429
1505095200;2017-09-11T05:00:00.000Z;15.655;15.696;15.752;989.77;989.975;990.198;60.085;60.769;61.337
1505098800;2017-09-11T06:00:00.000Z;15.559;15.615;15.677;990.128;990.212;990.333;60.261;60.893;61.314
1505102400;2017-09-11T07:00:00.000Z;15.473;15.508;15.57;990.208;990.383;990.673;61.23;61.531;61.855
1505106000;2017-09-11T08:00:00.000Z;15.43;15.454;15.484;990.62;991.183;991.58;60.97;61.233;61.428
1505109600;2017-09-11T09:00:00.000Z;15.43;15.443;15.462;991.518;991.686;991.898;60.23;60.67;61.054
1505113200;2017-09-11T10:00:00.000Z;15.452;15.517;15.591;991.835;992.009;992.185;59.399;59.799;60.261
1505116800;2017-09-11T11:00:00.000Z;15.58;15.635;15.688;992.035;992.16;992.358;59.345;59.614;59.856
1505120400;2017-09-11T12:00:00.000Z;15.655;15.723;15.795;992.288;992.606;992.795;59.368;59.485;59.795
1505124000;2017-09-11T13:00:00.000Z;15.773;15.861;15.945;992.67;992.788;992.88;59.254;59.352;59.452
1505127600;2017-09-11T14:00:00.000Z;15.934;16.048;16.202;992.578;992.771;992.883;59.361;59.456;59.536
1505131200;2017-09-11T15:00:00.000Z;16.202;16.429;16.739;992.548;992.717;992.883;59.49;59.771;60.101
1505134800;2017-09-11T16:00:00.000Z;16.696;16.935;17.318;992.815;992.961;993.083;58.994;59.489;59.834
1505138400;2017-09-11T17:00:00.000Z;17.307;17.623;18.111;992.91;993.121;993.34;58.025;58.756;59.254
1505142000;2017-09-11T18:00:00.000Z;18.111;18.391;18.927;992.808;993.13;993.34;56.736;57.818;58.17
1505145600;2017-09-11T19:00:00.000Z;18.648;18.987;19.173;992.63;992.78;992.933;56.332;56.963;57.957
1505149200;2017-09-11T20:00:00.000Z;18.219;18.398;18.658;992.368;992.592;992.758;57.957;58.53;58.888
1505152800;2017-09-11T21:00:00.000Z;17.886;18.039;18.229;992.31;992.446;992.593;58.857;59.314;59.872
1505156400;2017-09-11T22:00:00.000Z;17.715;17.775;17.886;992.203;992.329;992.488;59.643;60.269;60.734
1505160000;2017-09-11T23:00:00.000Z;17.532;17.623;17.715;991.865;992.171;992.408;60.131;60.361;60.619
1505163600;2017-09-12T00:00:00.000Z;17.382;17.439;17.543;991.578;991.776;992.09;59.994;60.17;60.307
1505167200;2017-09-12T01:00:00.000Z;17.307;17.361;17.404;991.333;991.549;991.768;59.94;60.152;60.284
1505170800;2017-09-12T02:00:00.000Z;17.189;17.256;17.318;990.98;991.257;991.475;60.085;60.432;60.596
1505174400;2017-09-12T03:00:00.000Z;17.06;17.129;17.189;990.455;990.927;991.238;60.543;60.678;60.802
1505178000;2017-09-12T04:00:00.000Z;16.964;17.005;17.06;989.943;990.246;990.613;60.574;60.75;60.833
1505181600;2017-09-12T05:00:00.000Z;16.835;16.896;16.975;988.673;989.315;990.015;60.49;60.556;60.635
1505185200;2017-09-12T06:00:00.000Z;16.739;16.793;16.846;987.81;988.243;988.788;60.52;60.635;60.696
1505188800;2017-09-12T07:00:00.000Z;16.664;16.707;16.749;986.358;987.235;987.883;60.581;60.656;60.749
1505192400;2017-09-12T08:00:00.000Z;16.599;16.633;16.674;984.735;985.508;986.415;60.299;60.468;60.612
1505196000;2017-09-12T09:00:00.000Z;16.556;16.581;16.61;983.373;984.158;984.78;60.04;60.214;60.352
1505199600;2017-09-12T10:00:00.000Z;16.513;16.54;16.556;982.343;982.698;983.43;59.811;59.925;60.07
1505203200;2017-09-12T11:00:00.000Z;16.503;16.516;16.546;982.138;982.265;982.453;59.635;59.725;59.841
1505206800;2017-09-12T12:00:00.000Z;16.524;16.611;16.696;982.228;982.874;983.21;59.696;59.846;60.009
1505210400;2017-09-12T13:00:00.000Z;16.674;16.725;16.749;983.17;983.8;984.39;59.521;59.686;59.895
1505214000;2017-09-12T14:00:00.000Z;16.728;16.798;16.867;984.323;984.871;985.39;59.75;59.834;59.948
1505217600;2017-09-12T15:00:00.000Z;16.867;16.979;17.114;985.32;985.727;986.195;59.94;60.03;60.146
1505221200;2017-09-12T16:00:00.000Z;17.114;17.319;17.522;986.118;986.4;986.58;59.391;59.767;60.055
1505224800;2017-09-12T17:00:00.000Z;17.479;17.674;18.122;986.448;986.932;987.195;58.628;59.365;59.704
1505228400;2017-09-12T18:00:00.000Z;18.122;18.44;18.948;986.878;987.044;987.265;57.43;58.329;58.773
1505232000;2017-09-12T19:00:00.000Z;18.626;18.875;19.152;987.088;987.367;987.535;57.14;57.908;58.674
1505235600;2017-09-12T20:00:00.000Z;18.326;18.455;18.626;987.288;987.398;987.543;58.674;59.037;59.261
1505239200;2017-09-12T21:00:00.000Z;18.015;18.157;18.326;987.295;987.462;987.568;59.231;59.716;60.299
1505242800;2017-09-12T22:00:00.000Z;17.897;17.936;18.026;987.163;987.284;987.45;60.07;60.549;60.757
1505246400;2017-09-12T23:00:00.000Z;17.682;17.794;17.918;987.083;987.215;987.345;60.505;60.639;60.734
1505250000;2017-09-13T00:00:00.000Z;17.532;17.605;17.693;987.273;987.476;987.678;60.65;60.8;60.909
1505253600;2017-09-13T01:00:00.000Z;17.361;17.449;17.543;987.28;987.378;987.615;60.741;60.886;61.024
1505257200;2017-09-13T02:00:00.000Z;17.211;17.296;17.371;987.16;987.304;987.44;60.627;60.801;60.97
1505260800;2017-09-13T03:00:00.000Z;17.071;17.143;17.221;986.638;986.936;987.253;60.604;60.695;60.802
1505264400;2017-09-13T04:00:00.000Z;16.996;17.027;17.082;986.183;986.45;986.71;60.719;60.786;60.833
1505268000;2017-09-13T05:00:00.000Z;16.889;16.947;17.007;985.785;986.042;986.283;60.696;60.77;60.802
1505271600;2017-09-13T06:00:00.000Z;16.803;16.853;16.899;985.315;985.629;985.95;60.696;60.769;60.81
1505275200;2017-09-13T07:00:00.000Z;16.728;16.761;16.814;985.115;985.237;985.39;60.696;60.794;60.864
1505278800;2017-09-13T08:00:00.000Z;16.685;16.704;16.728;984.948;985.072;985.215;60.665;60.747;60.81
1505282400;2017-09-13T09:00:00.000Z;16.674;16.701;16.749;984.635;984.861;985.028;60.383;60.583;60.749
1505286000;2017-09-13T10:00:00.000Z;16.739;16.78;16.846;984.205;984.444;984.698;59.887;60.17;60.406
1505289600;2017-09-13T11:00:00.000Z;16.792;16.852;16.921;983.795;984.049;984.29;59.75;59.868;60.062
1505293200;2017-09-13T12:00:00.000Z;16.91;16.938;17.007;983.45;983.672;983.865;59.864;60.086;60.291
1505296800;2017-09-13T13:00:00.000Z;16.996;17.058;17.168;982.99;983.233;983.558;59.94;60.1;60.429
1505300400;2017-09-13T14:00:00.000Z;17.125;17.176;17.211;982.803;982.921;983.088;60.001;60.161;60.398
1505304000;2017-09-13T15:00:00.000Z;17.2;17.395;17.725;982.438;982.807;983.025;59.33;59.953;60.429
1505307600;2017-09-13T16:00:00.000Z;17.597;17.632;17.682;982.18;982.432;982.613;59.444;59.835;60.131
1505311200;2017-09-13T17:00:00.000Z;17.586;17.634;17.768;982.09;982.229;982.368;60.017;60.181;60.276
1505314800;2017-09-13T18:00:00.000Z;17.757;18.171;18.787;981.403;981.898;982.223;57.69;59.153;60.07
1505318400;2017-09-13T19:00:00.000Z;18.39;18.694;18.948;980.97;981.175;981.483;57.43;58.099;59.17
1505322000;2017-09-13T20:00:00.000Z;18.036;18.179;18.39;980.658;980.858;981.033;59.147;59.917;60.444
1505325600;2017-09-13T21:00:00.000Z;17.897;17.997;18.069;980.278;980.526;980.745;60.093;60.31;60.558
1505329200;2017-09-13T22:00:00.000Z;17.672;17.783;17.908;979.945;980.204;980.398;60.528;60.841;61.161
1505332800;2017-09-13T23:00:00.000Z;17.468;17.573;17.682;979.163;979.538;980.003;60.741;60.93;61.199
1505336400;2017-09-14T00:00:00.000Z;17.189;17.326;17.468;978.898;979.094;979.278;60.772;60.846;60.886
1505340000;2017-09-14T01:00:00.000Z;16.964;17.07;17.189;978.273;978.637;978.983;60.81;60.866;60.917
1505343600;2017-09-14T02:00:00.000Z;16.771;16.869;16.975;977.365;977.89;978.338;60.81;60.848;60.894
1505347200;2017-09-14T03:00:00.000Z;16.631;16.703;16.782;976.605;977.006;977.44;60.757;60.819;60.864
1505350800;2017-09-14T04:00:00.000Z;16.492;16.565;16.642;975.848;976.23;976.67;60.726;60.763;60.81
1505354400;2017-09-14T05:00:00.000Z;16.385;16.437;16.492;975.068;975.462;975.908;60.642;60.728;60.81
1505358000;2017-09-14T06:00:00.000Z;16.277;16.332;16.395;974.195;974.69;975.125;60.612;60.684;60.726
1505361600;2017-09-14T07:00:00.000Z;16.17;16.223;16.288;973.753;974.019;974.255;60.619;60.697;60.757
1505365200;2017-09-14T08:00:00.000Z;16.095;16.143;16.181;973.533;973.68;973.833;60.444;60.577;60.673
1505368800;2017-09-14T09:00:00.000Z;16.052;16.081;16.106;973.278;973.477;973.67;60.421;60.591;60.734
1505372400;2017-09-14T10:00:00.000Z;16.009;16.036;16.063;973.053;973.193;973.35;60.36;60.495;60.619
1505376000;2017-09-14T11:00:00.000Z;16.009;16.045;16.159;972.615;972.933;973.165;59.849;60.294;60.589
1505379600;2017-09-14T12:00:00.000Z;16.159;16.213;16.32;972.508;972.635;972.745;59.788;59.97;60.131
1505383200;2017-09-14T13:00:00.000Z;16.31;16.322;16.331;972.503;972.617;972.765;59.788;59.957;60.101
1505386800;2017-09-14T14:00:00.000Z;16.32;16.362;16.492;972.683;972.829;972.943;59.75;60.053;60.184
1505390400;2017-09-14T15:00:00.000Z;16.438;16.556;16.739;972.733;972.869;972.97;59.521;59.804;59.986
1505394000;2017-09-14T16:00:00.000Z;16.685;16.741;16.803;972.47;972.638;972.805;59.376;59.584;59.834
1505397600;2017-09-14T17:00:00.000Z;16.749;16.929;17.007;972.44;972.574;972.688;59.376;59.539;59.75
1505401200;2017-09-14T18:00:00.000Z;16.975;17.011;17.06;972.438;972.549;972.675;59.399;59.664;60.032
1505404800;2017-09-14T19:00:00.000Z;16.857;16.899;16.996;972.303;972.382;972.52;59.864;60.372;60.604
1505408400;2017-09-14T20:00:00.000Z;16.835;16.887;16.921;971.98;972.157;972.37;60.436;60.538;60.604
1505412000;2017-09-14T21:00:00.000Z;16.717;16.774;16.835;972.045;972.137;972.213;60.551;60.718;60.925
1505415600;2017-09-14T22:00:00.000Z;16.631;16.677;16.728;972.098;972.193;972.295;60.78;61.049;61.298
1505419200;2017-09-14T23:00:00.000Z;16.546;16.596;16.642;972.08;972.193;972.323;61.123;61.203;61.298
1505422800;2017-09-15T00:00:00.000Z;16.46;16.504;16.556;972.263;972.422;972.568;61.016;61.105;61.214
1505426400;2017-09-15T01:00:00.000Z;16.385;16.427;16.46;972.508;972.6;972.685;60.986;61.073;61.131
1505430000;2017-09-15T02:00:00.000Z;16.32;16.351;16.395;972.56;972.874;973.143;61.039;61.133;61.214
1505433600;2017-09-15T03:00:00.000Z;16.235;16.281;16.32;973.06;973.283;973.668;61.077;61.144;61.214
1505437200;2017-09-15T04:00:00.000Z;16.17;16.205;16.245;973.565;973.688;973.845;61.1;61.155;61.214
1505440800;2017-09-15T05:00:00.000Z;16.084;16.125;16.181;973.76;974.023;974.265;61.1;61.167;61.245
1505444400;2017-09-15T06:00:00.000Z;16.02;16.06;16.084;974.198;974.463;974.758;61.131;61.181;61.245
1505448000;2017-09-15T07:00:00.000Z;15.945;15.983;16.02;974.66;974.867;975.25;61.131;61.205;61.245
1505451600;2017-09-15T08:00:00.000Z;15.891;15.915;15.945;975.195;975.42;975.753;61.138;61.193;61.253
1505455200;2017-09-15T09:00:00.000Z;15.859;15.875;15.902;975.683;976.229;976.61;60.993;61.094;61.169
1505458800;2017-09-15T10:00:00.000Z;15.848;15.877;15.923;976.553;976.813;977.033;60.764;60.939;61.077
1505462400;2017-09-15T11:00:00.000Z;15.902;15.938;15.999;976.958;977.266;977.673;60.566;60.752;60.879
1505466000;2017-09-15T12:00:00.000Z;15.999;16.081;16.17;977.585;977.763;977.96;60.246;60.447;60.65
1505469600;2017-09-15T13:00:00.000Z;16.159;16.253;16.363;977.87;978.168;978.465;60.184;60.316;60.444
1505473200;2017-09-15T14:00:00.000Z;16.32;16.397;16.481;978.383;978.819;979.218;60.215;60.37;60.474
1505476800;2017-09-15T15:00:00.000Z;16.47;16.634;16.792;979.145;979.525;979.863;59.719;60.167;60.413
1505480400;2017-09-15T16:00:00.000Z;16.749;16.858;17.007;979.788;980.068;980.313;59.483;59.807;60.238
1505484000;2017-09-15T17:00:00.000Z;16.899;17.079;17.404;980.05;980.415;980.888;59.338;59.84;60.345
1505487600;2017-09-15T18:00:00.000Z;17.135;17.302;17.489;980.683;981.005;981.333;59.162;59.628;60.055
1505491200;2017-09-15T19:00:00.000Z;17.028;17.163;17.307;981.248;981.509;981.885;59.597;59.989;60.314
1505494800;2017-09-15T20:00:00.000Z;16.932;17.016;17.082;981.805;982.134;982.383;60.261;60.75;61.237
1505498400;2017-09-15T21:00:00.000Z;16.696;16.821;16.932;982.313;982.714;983.21;60.864;61.069;61.321
1505502000;2017-09-15T22:00:00.000Z;16.47;16.578;16.696;983.118;983.449;983.723;60.871;60.976;61.07
1505505600;2017-09-15T23:00:00.000Z;16.256;16.362;16.481;983.65;983.764;983.943;60.871;60.992;61.07
1505509200;2017-09-16T00:00:00.000Z;16.02;16.134;16.256;983.89;983.991;984.075;60.963;61.08;61.131
1505512800;2017-09-16T01:00:00.000Z;15.795;15.905;16.02;983.95;984.092;984.318;61.024;61.095;61.161
1505516400;2017-09-16T02:00:00.000Z;15.57;15.685;15.795;984.22;984.554;984.798;60.94;61.022;61.077
1505520000;2017-09-16T03:00:00.000Z;15.377;15.474;15.57;984.673;984.931;985.078;60.886;60.932;61.001
1505523600;2017-09-16T04:00:00.000Z;15.205;15.292;15.377;985.01;985.184;985.378;60.864;60.918;60.97
1505527200;2017-09-16T05:00:00.000Z;15.076;15.143;15.216;985.258;985.374;985.473;60.635;60.806;60.917
1505530800;2017-09-16T06:00:00.000Z;14.958;15.022;15.076;985.303;985.502;985.66;60.581;60.659;60.749
1505534400;2017-09-16T07:00:00.000Z;14.872;14.923;14.969;985.5;985.595;985.713;60.497;60.622;60.719
1505538000;2017-09-16T08:00:00.000Z;14.808;14.843;14.872;985.625;986.118;986.5;60.528;60.622;60.696
1505541600;2017-09-16T09:00:00.000Z;14.787;14.804;14.819;986.393;986.705;987.015;60.497;60.598;60.696
1505545200;2017-09-16T10:00:00.000Z;14.776;14.824;14.872;986.915;987.542;988.003;60.268;60.493;60.642
1505548800;2017-09-16T11:00:00.000Z;14.862;14.894;14.969;987.945;988.401;988.87;60.207;60.294;60.413
1505552400;2017-09-16T12:00:00.000Z;14.969;15.04;15.162;988.735;989.123;989.483;60.032;60.174;60.299
1505556000;2017-09-16T13:00:00.000Z;15.108;15.188;15.248;989.343;989.813;990.478;60.062;60.23;60.375
1505559600;2017-09-16T14:00:00.000Z;15.216;15.283;15.312;990.415;991.017;991.523;60.116;60.254;60.406
1505563200;2017-09-16T15:00:00.000Z;15.301;15.488;15.623;991.46;991.904;992.328;59.795;60.017;60.261
1505566800;2017-09-16T16:00:00.000Z;15.559;15.698;15.795;992.273;992.642;993.083;59.544;59.86;60.116
1505570400;2017-09-16T17:00:00.000Z;15.72;15.771;15.816;992.98;993.462;993.875;59.826;60.051;60.314
1505574000;2017-09-16T18:00:00.000Z;15.645;15.677;15.72;993.745;994.2;994.585;60.2;60.319;60.452
1505577600;2017-09-16T19:00:00.000Z;15.698;15.736;15.763;994.505;994.885;995.243;60.2;60.283;60.429
1505581200;2017-09-16T20:00:00.000Z;15.591;15.646;15.73;995.173;995.39;995.738;60.314;60.54;60.741
1505584800;2017-09-16T21:00:00.000Z;15.494;15.546;15.591;995.665;996.243;996.793;60.711;60.859;61.024
1505588400;2017-09-16T22:00:00.000Z;15.398;15.453;15.505;996.728;996.99;997.3;60.94;61.083;61.23
1505592000;2017-09-16T23:00:00.000Z;15.291;15.354;15.409;997.243;997.643;997.89;61.146;61.338;61.481
1505595600;2017-09-17T00:00:00.000Z;15.13;15.218;15.301;997.803;998.074;998.323;61.428;61.482;61.543
1505599200;2017-09-17T01:00:00.000Z;14.937;15.042;15.141;998.238;998.475;998.748;61.489;61.563;61.634
1505602800;2017-09-17T02:00:00.000Z;14.701;14.827;14.948;998.695;999.044;999.368;61.581;61.613;61.665
1505606400;2017-09-17T03:00:00.000Z;14.443;14.579;14.712;999.288;999.514;999.718;61.55;61.598;61.634
1505610000;2017-09-17T04:00:00.000Z;14.24;14.318;14.454;999.525;999.754;999.903;61.497;61.561;61.611
1505613600;2017-09-17T05:00:00.000Z;13.939;14.092;14.24;999.818;1000.028;1000.138;61.474;61.515;61.558
1505617200;2017-09-17T06:00:00.000Z;13.682;13.815;13.939;1000.043;1000.211;1000.448;61.39;61.472;61.527
1505620800;2017-09-17T07:00:00.000Z;13.425;13.562;13.693;1000.39;1000.602;1000.963;61.367;61.409;61.451
1505624400;2017-09-17T08:00:00.000Z;13.199;13.31;13.425;1000.91;1001.321;1001.62;61.26;61.348;61.42
1505628000;2017-09-17T09:00:00.000Z;13.146;13.181;13.21;1001.515;1001.826;1002.02;61.176;61.278;61.398
1505631600;2017-09-17T10:00:00.000Z;13.21;13.313;13.457;1001.818;1002;1002.178;61.367;61.629;61.764
1505635200;2017-09-17T11:00:00.000Z;13.457;13.638;13.789;1002.068;1002.41;1002.628;61.138;61.335;61.596
1505638800;2017-09-17T12:00:00.000Z;13.768;13.824;13.918;1002.425;1002.531;1002.63;60.566;60.853;61.222
1505642400;2017-09-17T13:00:00.000Z;13.854;13.905;14.004;1002.255;1002.424;1002.568;60.223;60.523;60.795
1505646000;2017-09-17T14:00:00.000Z;13.982;14.04;14.132;1002.348;1002.46;1002.563;60.192;60.274;60.337
1505649600;2017-09-17T15:00:00.000Z;14.122;14.229;14.315;1002.275;1002.478;1002.595;59.963;60.095;60.192
1505653200;2017-09-17T16:00:00.000Z;14.304;14.437;14.572;1001.9;1002.133;1002.375;59.986;60.148;60.276
1505656800;2017-09-17T17:00:00.000Z;14.54;14.643;14.722;1001.655;1001.784;1001.968;60.047;60.167;60.299
1505660400;2017-09-17T18:00:00.000Z;14.701;14.767;14.84;1001.695;1001.854;1001.998;60.184;60.277;60.383
1505664000;2017-09-17T19:00:00.000Z;14.83;14.87;14.905;1001.29;1001.534;1001.875;59.902;60.013;60.246
1505667600;2017-09-17T20:00:00.000Z;14.701;14.784;14.862;1001.075;1001.243;1001.37;59.933;60.063;60.246
1505671200;2017-09-17T21:00:00.000Z;14.551;14.633;14.712;1001.158;1001.308;1001.463;60.215;60.423;60.558
1505674800;2017-09-17T22:00:00.000Z;14.368;14.463;14.561;1001.063;1001.382;1001.558;60.528;60.683;60.787
1505678400;2017-09-17T23:00:00.000Z;14.229;14.272;14.368;1000.89;1001.079;1001.268;60.757;60.837;60.902
1505682000;2017-09-18T00:00:00.000Z;14.014;14.12;14.24;1000.585;1000.77;1000.97;60.879;60.937;61.016
1505685600;2017-09-18T01:00:00.000Z;13.811;13.913;14.025;1000.278;1000.552;1000.708;60.932;61.016;61.077
1505689200;2017-09-18T02:00:00.000Z;13.618;13.709;13.811;1000.125;1000.319;1000.498;61.024;61.083;61.138
1505692800;2017-09-18T03:00:00.000Z;13.435;13.527;13.618;999.165;999.748;1000.205;60.97;61.034;61.108
1505696400;2017-09-18T04:00:00.000Z;13.285;13.365;13.446;998.743;998.962;999.233;60.917;60.986;61.054
1505700000;2017-09-18T05:00:00.000Z;13.156;13.222;13.296;998.1;998.44;998.805;60.864;60.95;61.001
1505703600;2017-09-18T06:00:00.000Z;13.038;13.103;13.167;997.513;997.893;998.19;60.833;60.901;60.947
1505707200;2017-09-18T07:00:00.000Z;12.942;12.994;13.049;997.135;997.478;997.753;60.78;60.845;60.947
1505710800;2017-09-18T08:00:00.000Z;12.856;12.898;12.942;996.395;996.852;997.233;60.696;60.802;60.864
1505714400;2017-09-18T09:00:00.000Z;12.824;12.846;12.867;995.835;996.142;996.463;60.413;60.603;60.78
1505718000;2017-09-18T10:00:00.000Z;12.824;12.834;12.856;995.205;995.655;995.913;60.047;60.312;60.497
1505721600;2017-09-18T11:00:00.000Z;12.835;12.855;12.867;994.073;994.804;995.28;59.818;60.038;60.246
1505725200;2017-09-18T12:00:00.000Z;12.867;12.893;12.931;993.203;993.591;994.13;59.589;59.714;59.872
1505728800;2017-09-18T13:00:00.000Z;12.92;12.951;12.985;992.633;993.021;993.265;59.536;59.611;59.673
1505732400;2017-09-18T14:00:00.000Z;12.963;12.981;13.017;991.593;992.175;992.705;59.536;59.601;59.673
1505736000;2017-09-18T15:00:00.000Z;13.006;13.019;13.038;990.74;991.174;991.65;59.536;59.622;59.704
1505739600;2017-09-18T16:00:00.000Z;13.028;13.084;13.135;989.67;990.277;990.82;59.559;59.649;59.757
1505743200;2017-09-18T17:00:00.000Z;13.114;13.134;13.146;989.435;989.567;989.753;59.559;59.68;59.818
1505746800;2017-09-18T18:00:00.000Z;13.114;13.135;13.146;989.213;989.365;989.56;59.643;59.76;59.956
1505750400;2017-09-18T19:00:00.000Z;13.06;13.096;13.135;988.58;988.965;989.315;59.956;60.329;60.604
1505754000;2017-09-18T20:00:00.000Z;12.985;13.035;13.071;988.008;988.293;988.638;60.52;60.664;60.78
1505757600;2017-09-18T21:00:00.000Z;12.91;12.956;12.996;987.873;987.996;988.118;60.726;60.925;61.123
1505761200;2017-09-18T22:00:00.000Z;12.856;12.889;12.92;987.52;987.782;988.068;61.008;61.07;61.123
1505764800;2017-09-18T23:00:00.000Z;12.792;12.833;12.867;987.353;987.478;987.6;61.039;61.107;61.207
1505768400;2017-09-19T00:00:00.000Z;12.738;12.772;12.802;987.268;987.344;987.438;61.092;61.176;61.291
1505772000;2017-09-19T01:00:00.000Z;12.674;12.713;12.749;987.138;987.252;987.363;61.123;61.203;61.291
1505775600;2017-09-19T02:00:00.000Z;12.631;12.658;12.685;987.148;987.345;987.625;61.153;61.247;61.352
1505779200;2017-09-19T03:00:00.000Z;12.577;12.605;12.642;987.53;987.661;987.788;61.207;61.307;61.405
1505782800;2017-09-19T04:00:00.000Z;12.502;12.543;12.588;987.613;987.77;987.908;61.291;61.4;61.52
1505786400;2017-09-19T05:00:00.000Z;12.449;12.481;12.513;987.803;987.931;988.098;61.321;61.461;61.581
1505790000;2017-09-19T06:00:00.000Z;12.395;12.426;12.459;988;988.134;988.3;61.405;61.512;61.604
1505793600;2017-09-19T07:00:00.000Z;12.363;12.39;12.406;988.238;988.484;988.783;61.466;61.585;61.718
1505797200;2017-09-19T08:00:00.000Z;12.32;12.342;12.384;988.713;989.092;989.46;61.52;61.686;61.81
1505800800;2017-09-19T09:00:00.000Z;12.32;12.33;12.352;989.378;989.735;989.943;61.581;61.72;61.832
1505804400;2017-09-19T10:00:00.000Z;12.331;12.372;12.406;989.875;990.253;990.58;61.352;61.641;61.832
1505808000;2017-09-19T11:00:00.000Z;12.395;12.438;12.47;990.505;990.839;991.198;61.237;61.39;61.581
1505811600;2017-09-19T12:00:00.000Z;12.449;12.462;12.481;991.128;991.472;991.82;61.207;61.384;61.581
1505815200;2017-09-19T13:00:00.000Z;12.459;12.5;12.567;991.765;992.137;992.438;61.321;61.489;61.634
1505818800;2017-09-19T14:00:00.000Z;12.567;12.665;12.781;992.345;992.612;992.823;60.642;60.922;61.352
1505822400;2017-09-19T15:00:00.000Z;12.738;12.808;12.91;992.753;993.062;993.405;60.612;60.716;60.81
1505826000;2017-09-19T16:00:00.000Z;12.888;12.923;12.974;993.318;993.731;994.088;60.726;60.797;60.894
1505829600;2017-09-19T17:00:00.000Z;12.899;12.933;12.963;994.003;994.33;994.668;60.749;60.939;61.176
1505833200;2017-09-19T18:00:00.000Z;12.91;12.934;12.953;994.588;994.929;995.198;60.833;61.096;61.314
1505836800;2017-09-19T19:00:00.000Z;12.813;12.868;12.92;995.118;995.48;995.723;61.146;61.449;61.718
1505840400;2017-09-19T20:00:00.000Z;12.738;12.778;12.824;995.648;995.938;996.28;61.657;61.888;62
1505844000;2017-09-19T21:00:00.000Z;12.663;12.707;12.749;996.19;996.67;996.948;61.939;62.047;62.138
1505847600;2017-09-19T22:00:00.000Z;12.588;12.634;12.674;996.828;997.088;997.295;62.054;62.176;62.313
1505851200;2017-09-19T23:00:00.000Z;12.481;12.541;12.588;997.238;997.486;997.708;62.283;62.43;62.626
1505854800;2017-09-20T00:00:00.000Z;12.384;12.434;12.491;997.623;997.83;998.025;62.511;62.637;62.794
1505858400;2017-09-20T01:00:00.000Z;12.256;12.326;12.395;997.935;998.161;998.423;62.679;62.752;62.824
1505862000;2017-09-20T02:00:00.000Z;12.148;12.208;12.266;998.363;998.573;998.773;62.687;62.763;62.824
1505865600;2017-09-20T03:00:00.000Z;12.03;12.093;12.159;998.683;998.943;999.215;62.656;62.731;62.794
1505869200;2017-09-20T04:00:00.000Z;11.923;11.989;12.041;999.148;999.396;999.575;62.656;62.72;62.794
1505872800;2017-09-20T05:00:00.000Z;11.837;11.888;11.934;999.478;999.56;999.678;62.656;62.719;62.771
1505876400;2017-09-20T06:00:00.000Z;11.751;11.804;11.848;999.533;999.868;1000.19;62.656;62.714;62.771
1505880000;2017-09-20T07:00:00.000Z;11.655;11.715;11.762;1000.115;1000.334;1000.563;62.687;62.725;62.771
1505883600;2017-09-20T08:00:00.000Z;11.591;11.625;11.676;1000.44;1000.776;1001.11;62.603;62.686;62.771
1505887200;2017-09-20T09:00:00.000Z;11.569;11.587;11.601;1001.01;1001.443;1001.785;62.321;62.479;62.687
1505890800;2017-09-20T10:00:00.000Z;11.58;11.593;11.601;1001.72;1001.872;1002.065;62.153;62.36;62.519
1505894400;2017-09-20T11:00:00.000Z;11.591;11.638;11.687;1001.96;1002.06;1002.145;61.611;61.936;62.344
1505898000;2017-09-20T12:00:00.000Z;11.676;11.771;11.902;1002.068;1002.223;1002.358;61.047;61.35;61.672
1505901600;2017-09-20T13:00:00.000Z;11.891;11.971;12.062;1002.278;1002.475;1002.673;61.131;61.194;61.276
1505905200;2017-09-20T14:00:00.000Z;12.062;12.08;12.116;1002.613;1002.863;1003.09;61.07;61.164;61.329
1505908800;2017-09-20T15:00:00.000Z;12.105;12.148;12.202;1002.993;1003.178;1003.435;61.184;61.275;61.352
1505912400;2017-09-20T16:00:00.000Z;12.202;12.247;12.277;1003.318;1003.591;1003.858;61.07;61.32;61.581
1505916000;2017-09-20T17:00:00.000Z;12.245;12.289;12.32;1003.768;1003.947;1004.173;61.382;61.514;61.665
1505919600;2017-09-20T18:00:00.000Z;12.298;12.323;12.363;1004.02;1004.104;1004.205;61.153;61.472;61.634
1505923200;2017-09-20T19:00:00.000Z;12.341;12.38;12.395;1004.155;1004.464;1004.72;61.039;61.11;61.237
1505926800;2017-09-20T20:00:00.000Z;12.363;12.383;12.395;1004.438;1004.741;1005.015;61.016;61.099;61.207
1505930400;2017-09-20T21:00:00.000Z;12.341;12.356;12.384;1004.938;1005.339;1005.618;61.123;61.202;61.268
1505934000;2017-09-20T22:00:00.000Z;12.331;12.341;12.352;1005.535;1005.848;1006.145;61.184;61.234;61.298
1505937600;2017-09-20T23:00:00.000Z;12.309;12.326;12.341;1005.948;1006.171;1006.433;61.237;61.29;61.352
1505941200;2017-09-21T00:00:00.000Z;12.298;12.314;12.331;1006.363;1006.666;1006.975;61.214;61.311;61.382
1505944800;2017-09-21T01:00:00.000Z;12.288;12.295;12.309;1006.89;1007.125;1007.483;61.329;61.399;61.466
1505948400;2017-09-21T02:00:00.000Z;12.266;12.283;12.298;1007.423;1007.739;1008.063;61.382;61.432;61.497
1505952000;2017-09-21T03:00:00.000Z;12.256;12.266;12.277;1007.978;1008.245;1008.55;61.413;61.462;61.52
1505955600;2017-09-21T04:00:00.000Z;12.234;12.25;12.266;1008.498;1008.755;1008.968;61.436;61.527;61.604
1505959200;2017-09-21T05:00:00.000Z;12.223;12.231;12.245;1008.898;1009.139;1009.363;61.497;61.561;61.634
1505962800;2017-09-21T06:00:00.000Z;12.191;12.21;12.223;1009.27;1009.453;1009.65;61.52;61.619;61.718
1505966400;2017-09-21T07:00:00.000Z;12.17;12.185;12.202;1009.558;1009.78;1009.925;61.604;61.682;61.779
1505970000;2017-09-21T08:00:00.000Z;12.148;12.164;12.18;1009.88;1010.372;1010.873;61.665;61.774;61.863
1505973600;2017-09-21T09:00:00.000Z;12.148;12.174;12.213;1010.803;1011.237;1011.675;61.718;61.844;61.916
1505977200;2017-09-21T10:00:00.000Z;12.213;12.224;12.245;1011.615;1011.797;1012.015;61.497;61.687;61.916
1505980800;2017-09-21T11:00:00.000Z;12.234;12.268;12.288;1011.915;1012.02;1012.12;61.153;61.331;61.55
1505984400;2017-09-21T12:00:00.000Z;12.277;12.34;12.384;1012.015;1012.152;1012.285;60.932;61.04;61.184
1505988000;2017-09-21T13:00:00.000Z;12.384;12.459;12.588;1012.193;1012.494;1012.673;60.589;60.77;61.016
1505991600;2017-09-21T14:00:00.000Z;12.577;12.682;12.76;1012.528;1012.659;1012.828;60.642;60.737;60.864
1505995200;2017-09-21T15:00:00.000Z;12.76;12.851;12.974;1012.703;1012.877;1013.08;60.81;60.993;61.146
1505998800;2017-09-21T16:00:00.000Z;12.963;13.088;13.21;1012.97;1013.083;1013.195;61.031;61.173;61.344
1506002400;2017-09-21T17:00:00.000Z;13.21;13.329;13.414;1012.653;1012.832;1013.065;61.115;61.251;61.451
1506006000;2017-09-21T18:00:00.000Z;13.403;13.437;13.457;1012.508;1012.635;1012.81;61.398;61.757;62.275
1506009600;2017-09-21T19:00:00.000Z;13.435;13.517;13.596;1012.635;1012.734;1012.84;62.107;62.21;62.305
1506013200;2017-09-21T20:00:00.000Z;13.553;13.576;13.607;1012.723;1012.927;1013.105;62.161;62.374;62.473
1506016800;2017-09-21T21:00:00.000Z;13.575;13.595;13.607;1013.01;1013.135;1013.248;62.359;62.399;62.443
1506020400;2017-09-21T22:00:00.000Z;13.564;13.587;13.607;1013.165;1013.321;1013.495;62.191;62.318;62.389
1506024000;2017-09-21T23:00:00.000Z;13.553;13.573;13.585;1013.283;1013.39;1013.56;62.077;62.21;62.328
1506027600;2017-09-22T00:00:00.000Z;13.51;13.551;13.585;1013.48;1013.771;1013.983;61.932;62.079;62.191
1506031200;2017-09-22T01:00:00.000Z;13.467;13.495;13.532;1013.675;1013.908;1014.108;61.932;62.115;62.305
1506034800;2017-09-22T02:00:00.000Z;13.435;13.461;13.489;1013.71;1013.857;1014.008;62.046;62.187;62.305
1506038400;2017-09-22T03:00:00.000Z;13.371;13.411;13.446;1013.21;1013.556;1013.843;61.909;62.011;62.107
1506042000;2017-09-22T04:00:00.000Z;13.307;13.344;13.382;1013.113;1013.357;1013.628;61.909;61.973;62.046
1506045600;2017-09-22T05:00:00.000Z;13.253;13.285;13.317;1012.883;1013.19;1013.565;61.939;62.005;62.023
1506049200;2017-09-22T06:00:00.000Z;13.189;13.222;13.264;1012.62;1012.921;1013.215;61.97;62.032;62.077
1506052800;2017-09-22T07:00:00.000Z;13.135;13.161;13.199;1012.41;1012.884;1013.39;61.993;62.066;62.138
1506056400;2017-09-22T08:00:00.000Z;13.071;13.109;13.135;1012.415;1012.75;1013.325;61.993;62.095;62.191
1506060000;2017-09-22T09:00:00.000Z;13.028;13.054;13.081;1011.455;1012.015;1012.795;61.939;62.093;62.222
1506063600;2017-09-22T10:00:00.000Z;12.985;13.017;13.038;1011.353;1011.711;1012.118;61.939;62.035;62.138
1506067200;2017-09-22T11:00:00.000Z;12.963;12.981;12.996;1010.19;1011.571;1012.15;61.825;62.004;62.138
1506070800;2017-09-22T12:00:00.000Z;12.985;13.005;13.017;1012.018;1012.539;1013.035;61.916;62.012;62.191
1506074400;2017-09-22T13:00:00.000Z;12.985;12.999;13.017;1011.985;1012.377;1012.715;61.825;61.944;62.023
1506078000;2017-09-22T14:00:00.000Z;12.974;13.004;13.017;1012.038;1012.422;1012.638;61.626;61.806;61.993
1506081600;2017-09-22T15:00:00.000Z;13.006;13.028;13.049;1012.29;1012.55;1012.715;61.398;61.619;61.855
1506085200;2017-09-22T16:00:00.000Z;13.017;13.029;13.049;1012.273;1012.439;1012.598;61.398;61.515;61.657
1506088800;2017-09-22T17:00:00.000Z;13.006;13.021;13.038;1012.138;1012.385;1012.59;61.344;61.481;61.626
1506092400;2017-09-22T18:00:00.000Z;12.963;12.99;13.017;1012.025;1012.249;1012.548;61.459;61.552;61.657
1506096000;2017-09-22T19:00:00.000Z;12.942;12.957;12.974;1011.82;1011.992;1012.255;61.489;61.584;61.657
1506099600;2017-09-22T20:00:00.000Z;12.91;12.928;12.953;1011.783;1011.942;1012.08;61.489;61.569;61.657
1506103200;2017-09-22T21:00:00.000Z;12.899;12.905;12.92;1011.94;1012.332;1012.628;61.405;61.511;61.573
1506106800;2017-09-22T22:00:00.000Z;12.878;12.898;12.91;1012.443;1012.581;1012.698;61.459;61.517;61.604
1506110400;2017-09-22T23:00:00.000Z;12.867;12.886;12.899;1012.503;1012.748;1013.013;61.428;61.508;61.604
1506114000;2017-09-23T00:00:00.000Z;12.867;12.88;12.899;1012.875;1013.016;1013.228;61.405;61.487;61.573
1506117600;2017-09-23T01:00:00.000Z;12.856;12.868;12.878;1013.11;1013.289;1013.44;61.405;61.481;61.573
1506121200;2017-09-23T02:00:00.000Z;12.856;12.861;12.867;1013.32;1013.426;1013.54;61.428;61.551;61.71
1506124800;2017-09-23T03:00:00.000Z;12.845;12.856;12.856;1013.413;1013.52;1013.623;61.543;61.64;61.741
1506128400;2017-09-23T04:00:00.000Z;12.835;12.845;12.856;1013.438;1013.543;1013.653;61.657;61.734;61.832
1506132000;2017-09-23T05:00:00.000Z;12.802;12.823;12.845;1013.52;1013.631;1013.748;61.657;61.791;61.916
1506135600;2017-09-23T06:00:00.000Z;12.792;12.804;12.813;1013.688;1013.849;1013.945;61.802;61.889;62
1506139200;2017-09-23T07:00:00.000Z;12.77;12.787;12.802;1013.713;1013.867;1014.033;61.886;61.966;62.054
1506142800;2017-09-23T08:00:00.000Z;12.77;12.778;12.781;1013.885;1014.022;1014.175;61.939;62.016;62.084
1506146400;2017-09-23T09:00:00.000Z;12.781;12.791;12.802;1014.063;1014.28;1014.448;61.718;61.864;62.023
1506150000;2017-09-23T10:00:00.000Z;12.792;12.818;12.856;1014.398;1014.745;1014.918;61.657;61.738;61.855
1506153600;2017-09-23T11:00:00.000Z;12.856;12.879;12.942;1014.733;1014.935;1015.083;61.573;61.663;61.741
1506157200;2017-09-23T12:00:00.000Z;12.931;13.011;13.114;1014.978;1015.152;1015.34;61.283;61.545;61.825
1506160800;2017-09-23T13:00:00.000Z;13.103;13.183;13.274;1015.193;1015.331;1015.473;61.26;61.337;61.481
1506164400;2017-09-23T14:00:00.000Z;13.274;13.364;13.489;1015.278;1015.397;1015.518;61.459;61.713;62.046
1506168000;2017-09-23T15:00:00.000Z;13.489;13.73;13.961;1015.293;1015.436;1015.563;61.932;62.175;62.382
1506171600;2017-09-23T16:00:00.000Z;13.95;14.161;14.411;1015.135;1015.332;1015.543;61.924;62.084;62.328
1506175200;2017-09-23T17:00:00.000Z;14.411;14.639;14.883;1015.115;1015.204;1015.405;61.779;61.996;62.237
1506178800;2017-09-23T18:00:00.000Z;14.883;14.985;15.162;1015.248;1015.36;1015.5;61.947;62.37;62.634
1506182400;2017-09-23T19:00:00.000Z;15.13;15.163;15.205;1015.295;1015.498;1015.733;62.313;62.517;62.656
1506186000;2017-09-23T20:00:00.000Z;15.033;15.095;15.141;1015.628;1015.937;1016.228;62.458;62.527;62.603
1506189600;2017-09-23T21:00:00.000Z;14.915;14.991;15.033;1016.098;1016.259;1016.37;62.344;62.501;62.687
1506193200;2017-09-23T22:00:00.000Z;14.744;14.84;14.915;1016.175;1016.279;1016.433;62.603;63.288;63.77
1506196800;2017-09-23T23:00:00.000Z;14.636;14.695;14.754;1016.335;1016.554;1016.698;63.717;63.91;64.053
1506200400;2017-09-24T00:00:00.000Z;14.497;14.573;14.647;1016.423;1016.769;1017.045;63.915;63.998;64.075
1506204000;2017-09-24T01:00:00.000Z;14.315;14.417;14.497;1016.933;1017.158;1017.418;63.602;63.782;64.022
1506207600;2017-09-24T02:00:00.000Z;14.207;14.252;14.325;1017.318;1017.421;1017.548;63.465;63.542;63.717
1506211200;2017-09-24T03:00:00.000Z;14.004;14.103;14.229;1017.33;1017.457;1017.588;63.435;63.495;63.549
1506214800;2017-09-24T04:00:00.000Z;13.821;13.915;14.004;1017.323;1017.462;1017.613;63.488;63.53;63.602
1506218400;2017-09-24T05:00:00.000Z;13.628;13.726;13.821;1017.48;1017.639;1017.778;63.549;63.596;63.633
1506222000;2017-09-24T06:00:00.000Z;13.457;13.548;13.639;1017.573;1017.695;1017.785;63.267;63.445;63.58
1506225600;2017-09-24T07:00:00.000Z;13.274;13.369;13.467;1017.715;1017.868;1017.998;63.267;63.37;63.442
1506229200;2017-09-24T08:00:00.000Z;13.146;13.203;13.274;1017.89;1018.161;1018.558;62.901;63.283;63.465
1506232800;2017-09-24T09:00:00.000Z;13.114;13.13;13.156;1018.428;1018.762;1019.15;62.588;62.802;63.015
1506236400;2017-09-24T10:00:00.000Z;13.135;13.208;13.328;1019.033;1019.175;1019.425;62.672;63.109;63.465
1506240000;2017-09-24T11:00:00.000Z;13.317;13.481;13.628;1019.345;1019.57;1019.73;63.046;63.29;63.435
1506243600;2017-09-24T12:00:00.000Z;13.618;13.756;13.875;1019.565;1019.868;1020.108;63.183;63.259;63.351
1506247200;2017-09-24T13:00:00.000Z;13.875;13.978;14.068;1019.923;1020.066;1020.24;63.122;63.217;63.435
1506250800;2017-09-24T14:00:00.000Z;14.068;14.182;14.293;1020.083;1020.234;1020.368;63.351;63.583;63.915
1506254400;2017-09-24T15:00:00.000Z;14.293;14.589;14.862;1020.195;1020.31;1020.443;63.488;63.629;63.885
1506258000;2017-09-24T16:00:00.000Z;14.84;15.051;15.312;1020.29;1020.42;1020.56;63.572;63.898;64.137
1506261600;2017-09-24T17:00:00.000Z;15.312;15.552;15.806;1020.25;1020.383;1020.528;62.962;63.357;63.679
1506265200;2017-09-24T18:00:00.000Z;15.784;15.924;16.084;1020.383;1020.493;1020.633;63.015;63.195;63.335
1506268800;2017-09-24T19:00:00.000Z;15.956;16.006;16.095;1020.4;1020.522;1020.663;62.962;63.29;63.419
1506272400;2017-09-24T20:00:00.000Z;15.806;15.91;15.999;1020.558;1020.732;1020.895;63.19;63.429;63.824
1506276000;2017-09-24T21:00:00.000Z;15.645;15.731;15.816;1020.81;1021.063;1021.253;63.793;63.876;63.938
1506279600;2017-09-24T22:00:00.000Z;15.462;15.568;15.655;1021.175;1021.401;1021.723;63.534;63.627;63.824
1506283200;2017-09-24T23:00:00.000Z;15.269;15.369;15.473;1021.623;1021.721;1021.86;63.48;63.539;63.595
1506286800;2017-09-25T00:00:00.000Z;15.033;15.156;15.28;1021.78;1022.036;1022.37;63.511;63.553;63.602
1506290400;2017-09-25T01:00:00.000Z;14.819;14.936;15.044;1022.3;1022.523;1022.798;63.519;63.546;63.602
1506294000;2017-09-25T02:00:00.000Z;14.54;14.683;14.83;1022.69;1022.803;1022.9;63.488;63.545;63.572
1506297600;2017-09-25T03:00:00.000Z;14.25;14.414;14.551;1022.685;1022.771;1022.853;63.458;63.513;63.572
1506301200;2017-09-25T04:00:00.000Z;14.036;14.177;14.25;1022.663;1022.747;1022.835;63.374;63.452;63.519
1506304800;2017-09-25T05:00:00.000Z;13.757;13.897;14.036;1022.718;1022.848;1022.96;63.32;63.369;63.435
1506308400;2017-09-25T06:00:00.000Z;13.51;13.631;13.768;1022.88;1023.04;1023.208;63.236;63.318;63.351
1506312000;2017-09-25T07:00:00.000Z;13.296;13.397;13.51;1023.065;1023.182;1023.33;63.129;63.223;63.297
1506315600;2017-09-25T08:00:00.000Z;13.135;13.215;13.307;1023.235;1023.457;1023.755;62.984;63.088;63.152
1506319200;2017-09-25T09:00:00.000Z;13.071;13.108;13.146;1023.665;1023.924;1024.158;62.618;62.83;63.015
1506322800;2017-09-25T10:00:00.000Z;13.06;13.074;13.092;1024.068;1024.156;1024.283;61.794;62.272;62.649
1506326400;2017-09-25T11:00:00.000Z;13.081;13.127;13.21;1024.178;1024.263;1024.36;61.794;61.992;62.244
1506330000;2017-09-25T12:00:00.000Z;13.21;13.332;13.446;1024.255;1024.428;1024.578;62.222;62.443;62.618
1506333600;2017-09-25T13:00:00.000Z;13.446;13.535;13.618;1024.248;1024.398;1024.558;62.527;62.6;62.786
1506337200;2017-09-25T14:00:00.000Z;13.607;13.714;13.864;1024.243;1024.36;1024.488;62.641;62.888;63.099
1506340800;2017-09-25T15:00:00.000Z;13.854;14.131;14.39;1024.198;1024.355;1024.488;62.748;62.907;63.091
1506344400;2017-09-25T16:00:00.000Z;14.379;14.605;14.862;1024.128;1024.267;1024.375;62.916;63.208;63.519
1506348000;2017-09-25T17:00:00.000Z;14.862;15.113;15.355;1024.093;1024.217;1024.363;62.656;62.956;63.313
1506351600;2017-09-25T18:00:00.000Z;15.344;15.495;15.655;1023.793;1024.055;1024.263;62.71;62.9;63.084
1506355200;2017-09-25T19:00:00.000Z;15.612;15.632;15.698;1023.743;1023.828;1023.908;62.794;63.044;63.221
1506358800;2017-09-25T20:00:00.000Z;15.43;15.511;15.645;1023.758;1023.918;1024.073;62.626;63.038;63.282
1506362400;2017-09-25T21:00:00.000Z;15.344;15.414;15.484;1023.678;1023.798;1023.933;63.252;63.455;63.679
1506366000;2017-09-25T22:00:00.000Z;15.226;15.293;15.344;1023.86;1023.953;1024.08;63.396;63.647;63.763
1506369600;2017-09-25T23:00:00.000Z;15.076;15.155;15.237;1023.915;1023.986;1024.073;63.229;63.303;63.396
1506373200;2017-09-26T00:00:00.000Z;14.926;14.997;15.076;1023.903;1023.99;1024.08;63.229;63.26;63.313
1506376800;2017-09-26T01:00:00.000Z;14.744;14.838;14.926;1023.94;1024.025;1024.108;63.229;63.299;63.343
1506380400;2017-09-26T02:00:00.000Z;14.551;14.641;14.744;1023.868;1023.944;1024.07;63.29;63.342;63.374
1506384000;2017-09-26T03:00:00.000Z;14.336;14.448;14.551;1023.893;1024.034;1024.193;63.32;63.345;63.374
1506387600;2017-09-26T04:00:00.000Z;14.175;14.26;14.347;1024.103;1024.227;1024.338;63.29;63.33;63.374
1506391200;2017-09-26T05:00:00.000Z;13.95;14.065;14.186;1024.213;1024.313;1024.428;63.29;63.324;63.351
1506394800;2017-09-26T06:00:00.000Z;13.736;13.846;13.961;1024.213;1024.317;1024.418;63.29;63.309;63.351
1506398400;2017-09-26T07:00:00.000Z;13.585;13.655;13.736;1024.128;1024.232;1024.325;62.901;63.126;63.32
1506402000;2017-09-26T08:00:00.000Z;13.489;13.532;13.585;1024.148;1024.309;1024.56;62.618;62.8;62.954
1506405600;2017-09-26T09:00:00.000Z;13.446;13.467;13.5;1024.475;1024.724;1024.893;62.328;62.534;62.702
1506409200;2017-09-26T10:00:00.000Z;13.403;13.428;13.457;1024.815;1024.954;1025.1;62.107;62.305;62.473
1506412800;2017-09-26T11:00:00.000Z;13.414;13.419;13.435;1025.01;1025.153;1025.373;61.932;62.071;62.244
1506416400;2017-09-26T12:00:00.000Z;13.414;13.438;13.457;1025.255;1025.406;1025.558;61.764;61.92;62.107
1506420000;2017-09-26T13:00:00.000Z;13.446;13.471;13.5;1025.325;1025.445;1025.555;61.794;61.889;61.962
1506423600;2017-09-26T14:00:00.000Z;13.489;13.541;13.585;1025.273;1025.408;1025.513;61.764;61.846;61.932
1506427200;2017-09-26T15:00:00.000Z;13.575;13.631;13.671;1025.27;1025.364;1025.445;61.764;61.836;61.901
1506430800;2017-09-26T16:00:00.000Z;13.661;13.734;13.821;1025.205;1025.304;1025.395;61.848;61.902;61.962
1506434400;2017-09-26T17:00:00.000Z;13.811;13.862;13.907;1025.063;1025.157;1025.323;61.848;61.921;61.985
1506438000;2017-09-26T18:00:00.000Z;13.896;13.98;14.025;1024.938;1025.03;1025.143;61.726;61.822;61.955
1506441600;2017-09-26T19:00:00.000Z;13.972;13.992;14.025;1024.755;1024.91;1025.075;61.84;62.089;62.183
1506445200;2017-09-26T20:00:00.000Z;13.95;13.968;13.982;1024.745;1024.833;1024.963;62.046;62.084;62.13
1506448800;2017-09-26T21:00:00.000Z;13.918;13.939;13.961;1024.863;1025.067;1025.25;62.069;62.151;62.244
1506452400;2017-09-26T22:00:00.000Z;13.886;13.911;13.929;1025.185;1025.338;1025.513;62.183;62.287;62.382
1506456000;2017-09-26T23:00:00.000Z;13.843;13.874;13.896;1025.405;1025.583;1025.763;62.298;62.405;62.496
1506459600;2017-09-27T00:00:00.000Z;13.811;13.833;13.854;1025.63;1025.761;1025.948;62.496;62.551;62.611
1506463200;2017-09-27T01:00:00.000Z;13.768;13.793;13.821;1025.875;1025.969;1026.035;62.557;62.642;62.725
1506466800;2017-09-27T02:00:00.000Z;13.725;13.748;13.778;1025.91;1025.993;1026.113;62.672;62.734;62.778
1506470400;2017-09-27T03:00:00.000Z;13.671;13.705;13.736;1025.923;1026.02;1026.115;62.725;62.774;62.809
1506474000;2017-09-27T04:00:00.000Z;13.639;13.663;13.682;1025.935;1026.078;1026.183;62.725;62.786;62.809
1506477600;2017-09-27T05:00:00.000Z;13.596;13.621;13.639;1025.823;1025.996;1026.168;62.725;62.783;62.84
1506481200;2017-09-27T06:00:00.000Z;13.553;13.582;13.607;1025.708;1025.835;1026.015;62.702;62.769;62.84
1506484800;2017-09-27T07:00:00.000Z;13.521;13.547;13.564;1025.925;1026.127;1026.335;62.702;62.794;62.87
1506488400;2017-09-27T08:00:00.000Z;13.489;13.508;13.532;1026.233;1026.402;1026.615;62.641;62.732;62.817
1506492000;2017-09-27T09:00:00.000Z;13.489;13.498;13.51;1026.545;1026.788;1027.068;62.527;62.626;62.725
1506495600;2017-09-27T10:00:00.000Z;13.489;13.498;13.521;1026.998;1027.141;1027.305;62.244;62.435;62.557
1506499200;2017-09-27T11:00:00.000Z;13.51;13.545;13.575;1027.228;1027.374;1027.503;62.13;62.238;62.359
1506502800;2017-09-27T12:00:00.000Z;13.575;13.628;13.714;1027.313;1027.451;1027.553;61.932;62.069;62.161
1506506400;2017-09-27T13:00:00.000Z;13.703;13.784;13.854;1027.32;1027.416;1027.52;61.962;62.102;62.214
1506510000;2017-09-27T14:00:00.000Z;13.843;13.97;14.122;1027.015;1027.234;1027.448;61.84;61.899;62.016
1506513600;2017-09-27T15:00:00.000Z;14.111;14.264;14.401;1026.813;1026.961;1027.138;61.81;61.972;62.099
1506517200;2017-09-27T16:00:00.000Z;14.379;14.534;14.69;1026.52;1026.764;1026.93;61.665;61.895;62.069
1506520800;2017-09-27T17:00:00.000Z;14.679;14.861;15.033;1026.508;1026.624;1026.765;61.581;61.813;62.092
1506524400;2017-09-27T18:00:00.000Z;15.012;15.107;15.226;1026.49;1026.599;1026.703;61.604;61.845;62.031
1506528000;2017-09-27T19:00:00.000Z;15.023;15.126;15.216;1026.36;1026.47;1026.598;61.687;61.839;61.977
1506531600;2017-09-27T20:00:00.000Z;14.872;14.927;15.033;1026.393;1026.463;1026.563;61.916;62.561;63.114
1506535200;2017-09-27T21:00:00.000Z;14.765;14.841;14.926;1026.485;1026.558;1026.638;62.862;63.079;63.259
1506538800;2017-09-27T22:00:00.000Z;14.594;14.689;14.776;1026.538;1026.625;1026.71;63.175;63.53;63.854
1506542400;2017-09-27T23:00:00.000Z;14.39;14.5;14.594;1026.468;1026.585;1026.768;63.435;63.603;63.831
1506546000;2017-09-28T00:00:00.000Z;14.186;14.273;14.401;1026.68;1026.778;1026.863;63.435;63.545;63.633
1506549600;2017-09-28T01:00:00.000Z;13.918;14.044;14.186;1026.77;1027.048;1027.343;63.458;63.497;63.549
1506553200;2017-09-28T02:00:00.000Z;13.725;13.817;13.929;1027.213;1027.398;1027.51;63.458;63.493;63.549
1506556800;2017-09-28T03:00:00.000Z;13.575;13.645;13.736;1027.418;1027.513;1027.608;63.435;63.486;63.519
1506560400;2017-09-28T04:00:00.000Z;13.446;13.51;13.575;1027.355;1027.473;1027.583;63.328;63.413;63.496
1506564000;2017-09-28T05:00:00.000Z;13.339;13.397;13.446;1027.14;1027.277;1027.438;63.267;63.359;63.435
1506567600;2017-09-28T06:00:00.000Z;13.242;13.295;13.349;1027.078;1027.17;1027.298;63.297;63.355;63.412
1506571200;2017-09-28T07:00:00.000Z;13.146;13.199;13.253;1027.07;1027.154;1027.23;63.328;63.394;63.473
1506574800;2017-09-28T08:00:00.000Z;13.071;13.115;13.156;1026.888;1027.024;1027.213;63.358;63.445;63.526
1506578400;2017-09-28T09:00:00.000Z;13.017;13.048;13.081;1026.98;1027.143;1027.335;63.274;63.398;63.496
1506582000;2017-09-28T10:00:00.000Z;12.996;13.018;13.028;1027.223;1027.307;1027.41;63.015;63.284;63.442
1506585600;2017-09-28T11:00:00.000Z;13.006;13.014;13.017;1027.198;1027.297;1027.425;63.16;63.295;63.412
1506589200;2017-09-28T12:00:00.000Z;13.006;13.021;13.028;1027.088;1027.208;1027.318;63.099;63.277;63.412
1506592800;2017-09-28T13:00:00.000Z;13.006;13.023;13.038;1026.965;1027.065;1027.175;62.984;63.132;63.244
1506596400;2017-09-28T14:00:00.000Z;13.028;13.075;13.124;1026.683;1026.878;1027.045;62.817;63.063;63.244
1506600000;2017-09-28T15:00:00.000Z;13.103;13.162;13.242;1026.443;1026.645;1026.825;62.443;62.703;62.984
1506603600;2017-09-28T16:00:00.000Z;13.242;13.366;13.489;1025.513;1026.021;1026.528;62.046;62.403;62.649
1506607200;2017-09-28T17:00:00.000Z;13.414;13.554;13.703;1025.185;1025.339;1025.615;61.733;62.129;62.359
1506610800;2017-09-28T18:00:00.000Z;13.65;13.734;13.843;1024.768;1025.048;1025.295;61.588;61.883;62.275
1506614400;2017-09-28T19:00:00.000Z;13.521;13.647;13.757;1024.528;1024.698;1024.868;61.962;62.35;62.641
1506618000;2017-09-28T20:00:00.000Z;13.382;13.44;13.532;1024.485;1024.565;1024.643;62.443;63;63.297
1506621600;2017-09-28T21:00:00.000Z;13.189;13.291;13.382;1024.375;1024.454;1024.565;63.267;63.687;63.938
1506625200;2017-09-28T22:00:00.000Z;13.017;13.106;13.199;1024.38;1024.49;1024.583;63.831;63.962;64.068
1506628800;2017-09-28T23:00:00.000Z;12.792;12.904;13.017;1024.405;1024.598;1024.758;63.854;63.908;63.961
1506632400;2017-09-29T00:00:00.000Z;12.588;12.692;12.802;1024.435;1024.55;1024.735;63.801;63.85;63.885
1506636000;2017-09-29T01:00:00.000Z;12.352;12.462;12.588;1024.398;1024.499;1024.63;63.801;63.837;63.854
1506639600;2017-09-29T02:00:00.000Z;12.148;12.255;12.363;1024.065;1024.278;1024.498;63.747;63.783;63.854
1506643200;2017-09-29T03:00:00.000Z;11.944;12.043;12.148;1023.698;1023.927;1024.148;63.747;63.797;63.824
1506646800;2017-09-29T04:00:00.000Z;11.741;11.844;11.955;1023.19;1023.497;1023.768;63.77;63.835;63.9
1506650400;2017-09-29T05:00:00.000Z;11.505;11.631;11.751;1022.978;1023.07;1023.258;63.847;63.886;63.931
1506654000;2017-09-29T06:00:00.000Z;11.312;11.419;11.515;1022.815;1022.955;1023.083;63.847;63.899;63.953
1506657600;2017-09-29T07:00:00.000Z;11.086;11.194;11.312;1022.458;1022.704;1022.91;63.847;63.876;63.923
1506661200;2017-09-29T08:00:00.000Z;10.872;10.979;11.086;1022.44;1022.55;1022.645;63.816;63.857;63.9
1506664800;2017-09-29T09:00:00.000Z;10.754;10.806;10.883;1022.515;1022.652;1022.79;63.602;63.745;63.839
1506668400;2017-09-29T10:00:00.000Z;10.733;10.742;10.765;1022.558;1022.688;1022.813;63.313;63.502;63.602
1506672000;2017-09-29T11:00:00.000Z;10.733;10.756;10.786;1022.33;1022.5;1022.635;62.946;63.179;63.396
1506675600;2017-09-29T12:00:00.000Z;10.775;10.824;10.872;1022.105;1022.312;1022.443;62.496;62.754;62.946
1506679200;2017-09-29T13:00:00.000Z;10.861;10.926;11.011;1021.678;1021.933;1022.19;62.351;62.454;62.58
1506682800;2017-09-29T14:00:00.000Z;11.001;11.089;11.204;1021.4;1021.6;1021.738;62.183;62.289;62.412
1506686400;2017-09-29T15:00:00.000Z;11.194;11.345;11.483;1020.413;1021.007;1021.48;61.787;62.128;62.351
1506690000;2017-09-29T16:00:00.000Z;11.451;11.555;11.698;1019.89;1020.195;1020.493;61.611;61.941;62.29
1506693600;2017-09-29T17:00:00.000Z;11.644;11.829;12.03;1019.518;1019.705;1020.008;61.527;61.809;62.008
1506697200;2017-09-29T18:00:00.000Z;11.998;12.07;12.148;1019.245;1019.37;1019.575;61.268;61.472;61.726
1506700800;2017-09-29T19:00:00.000Z;12.041;12.078;12.127;1018.993;1019.181;1019.403;61.329;61.661;62.008
1506704400;2017-09-29T20:00:00.000Z;11.934;11.983;12.052;1018.898;1018.987;1019.065;61.893;62.061;62.321
1506708000;2017-09-29T21:00:00.000Z;11.837;11.889;11.934;1018.715;1018.86;1018.993;62.26;62.56;62.939
1506711600;2017-09-29T22:00:00.000Z;11.698;11.768;11.837;1018.758;1018.888;1019.01;62.855;63.053;63.252
1506715200;2017-09-29T23:00:00.000Z;11.548;11.618;11.698;1018.745;1018.878;1018.973;63.168;63.275;63.366
1506718800;2017-09-30T00:00:00.000Z;11.473;11.501;11.548;1018.765;1018.886;1019.02;63.137;63.182;63.221
1506722400;2017-09-30T01:00:00.000Z;11.387;11.429;11.483;1018.708;1018.814;1018.948;63.053;63.116;63.221
1506726000;2017-09-30T02:00:00.000Z;11.301;11.346;11.387;1018.698;1018.817;1018.958;63.03;63.162;63.282
1506729600;2017-09-30T03:00:00.000Z;11.226;11.272;11.312;1018.563;1018.675;1018.78;63.168;63.246;63.366
1506733200;2017-09-30T04:00:00.000Z;11.162;11.199;11.237;1018.348;1018.56;1018.718;63.335;63.413;63.473
1506736800;2017-09-30T05:00:00.000Z;11.097;11.138;11.172;1018.3;1018.42;1018.57;63.366;63.444;63.503
1506740400;2017-09-30T06:00:00.000Z;11.033;11.074;11.108;1017.873;1018.105;1018.398;63.427;63.496;63.58
1506744000;2017-09-30T07:00:00.000Z;10.979;11.015;11.044;1017.8;1017.903;1017.993;63.526;63.592;63.686
1506747600;2017-09-30T08:00:00.000Z;10.915;10.95;10.99;1017.738;1017.844;1017.933;63.473;63.635;63.709
1506751200;2017-09-30T09:00:00.000Z;10.893;10.907;10.926;1017.798;1018.031;1018.253;63.526;63.636;63.732
1506754800;2017-09-30T10:00:00.000Z;10.883;10.896;10.904;1018.188;1018.28;1018.36;63.45;63.547;63.633
1506758400;2017-09-30T11:00:00.000Z;10.893;10.914;10.926;1018.028;1018.273;1018.41;63.45;63.574;63.686
1506762000;2017-09-30T12:00:00.000Z;10.904;10.915;10.926;1017.71;1017.884;1018.173;63.282;63.429;63.602
1506765600;2017-09-30T13:00:00.000Z;10.915;10.925;10.958;1017.418;1017.603;1017.785;63.053;63.236;63.396
1506769200;2017-09-30T14:00:00.000Z;10.915;10.941;10.979;1017.345;1017.45;1017.555;63;63.14;63.313
1506772800;2017-09-30T15:00:00.000Z;10.958;10.982;10.99;1017.168;1017.286;1017.415;62.801;62.947;63.137
1506776400;2017-09-30T16:00:00.000Z;10.958;10.981;10.99;1016.748;1017.015;1017.26;62.862;62.929;63
1506780000;2017-09-30T17:00:00.000Z;10.958;10.979;10.99;1016.49;1016.718;1016.875;62.862;62.947;63.03
1506783600;2017-09-30T18:00:00.000Z;10.958;10.977;10.99;1016.27;1016.471;1016.6;62.916;62.966;63.084
1506787200;2017-09-30T19:00:00.000Z;10.947;10.974;10.99;1016.295;1016.4;1016.508;62.916;62.989;63.084
1506790800;2017-09-30T20:00:00.000Z;10.936;10.946;10.958;1016.385;1016.51;1016.653;63;63.073;63.168
1506794400;2017-09-30T21:00:00.000Z;10.915;10.928;10.947;1016.348;1016.425;1016.493;63.084;63.15;63.282
1506798000;2017-09-30T22:00:00.000Z;10.893;10.912;10.926;1016.3;1016.405;1016.488;63.198;63.294;63.419
1506801600;2017-09-30T23:00:00.000Z;10.883;10.892;10.904;1016.21;1016.33;1016.46;63.282;63.395;63.526
1506805200;2017-10-01T00:00:00.000Z;10.851;10.872;10.893;1016.305;1016.415;1016.51;63.419;63.54;63.656
1506808800;2017-10-01T01:00:00.000Z;10.829;10.847;10.861;1016.275;1016.382;1016.48;63.526;63.697;63.839
1506812400;2017-10-01T02:00:00.000Z;10.808;10.821;10.84;1016.065;1016.247;1016.418;63.816;63.935;64.075
1506816000;2017-10-01T03:00:00.000Z;10.775;10.794;10.808;1015.955;1016.054;1016.14;63.923;64.014;64.075
1506819600;2017-10-01T04:00:00.000Z;10.743;10.766;10.786;1015.895;1016.003;1016.105;63.969;64.094;64.182
1506823200;2017-10-01T05:00:00.000Z;10.722;10.739;10.754;1015.788;1015.897;1016.018;63.999;64.132;64.289
1506826800;2017-10-01T06:00:00.000Z;10.69;10.708;10.722;1015.8;1015.893;1015.988;64.075;64.164;64.236
1506830400;2017-10-01T07:00:00.000Z;10.657;10.676;10.7;1015.72;1015.837;1015.938;64.106;64.222;64.312
1506834000;2017-10-01T08:00:00.000Z;10.625;10.647;10.657;1015.685;1015.791;1015.893;64.159;64.24;64.365
1506837600;2017-10-01T09:00:00.000Z;10.615;10.622;10.636;1015.733;1015.828;1015.938;64.106;64.219;64.343
1506841200;2017-10-01T10:00:00.000Z;10.604;10.626;10.647;1015.858;1016.029;1016.143;64.159;64.222;64.312
1506844800;2017-10-01T11:00:00.000Z;10.636;10.668;10.7;1015.858;1015.976;1016.083;63.869;64.083;64.236
1506848400;2017-10-01T12:00:00.000Z;10.668;10.712;10.786;1015.813;1015.9;1015.99;63.786;63.955;64.075
1506852000;2017-10-01T13:00:00.000Z;10.775;10.784;10.786;1015.675;1015.781;1015.925;63.549;63.713;63.923
1506855600;2017-10-01T14:00:00.000Z;10.775;10.793;10.808;1015.383;1015.581;1015.783;63.473;63.611;63.732
1506859200;2017-10-01T15:00:00.000Z;10.797;10.825;10.84;1015.095;1015.312;1015.46;63.335;63.42;63.503
1506862800;2017-10-01T16:00:00.000Z;10.829;10.857;10.883;1014.843;1015.043;1015.18;63.313;63.387;63.503
1506866400;2017-10-01T17:00:00.000Z;10.861;10.87;10.883;1014.645;1014.792;1014.928;63.366;63.443;63.503
1506870000;2017-10-01T18:00:00.000Z;10.861;10.876;10.893;1014.333;1014.535;1014.725;63.473;63.638;63.839
1506873600;2017-10-01T19:00:00.000Z;10.829;10.853;10.872;1014.04;1014.225;1014.403;63.786;64.1;64.419
1506877200;2017-10-01T20:00:00.000Z;10.797;10.818;10.84;1013.693;1013.911;1014.105;64.312;64.572;64.762
1506880800;2017-10-01T21:00:00.000Z;10.775;10.794;10.808;1013.515;1013.678;1013.78;64.686;64.886;65.212
1506884400;2017-10-01T22:00:00.000Z;10.743;10.765;10.786;1013.348;1013.487;1013.62;64.976;65.219;65.495
1506888000;2017-10-01T23:00:00.000Z;10.711;10.733;10.754;1013.193;1013.322;1013.455;65.212;65.506;65.815
1506891600;2017-10-02T00:00:00.000Z;10.668;10.701;10.722;1012.688;1013.01;1013.293;65.495;65.654;65.815
1506895200;2017-10-02T01:00:00.000Z;10.636;10.661;10.69;1012.43;1012.681;1012.788;65.395;65.559;65.784
1506898800;2017-10-02T02:00:00.000Z;10.582;10.615;10.636;1011.875;1012.234;1012.503;65.182;65.35;65.578
1506902400;2017-10-02T03:00:00.000Z;10.55;10.569;10.593;1011.503;1011.766;1011.995;65.075;65.197;65.395
1506906000;2017-10-02T04:00:00.000Z;10.507;10.535;10.561;1011.018;1011.224;1011.575;64.915;65.083;65.258
1506909600;2017-10-02T05:00:00.000Z;10.454;10.482;10.518;1010.313;1010.648;1011.108;64.838;65.006;65.205
1506913200;2017-10-02T06:00:00.000Z;10.411;10.436;10.464;1009.68;1010.047;1010.408;64.808;64.92;65.098
1506916800;2017-10-02T07:00:00.000Z;10.357;10.387;10.422;1008.903;1009.336;1009.758;64.732;64.844;65.022
1506920400;2017-10-02T08:00:00.000Z;10.314;10.341;10.368;1008.408;1008.674;1008.993;64.594;64.752;65.044
1506924000;2017-10-02T09:00:00.000Z;10.293;10.313;10.325;1008.033;1008.328;1008.488;64.495;64.606;64.785
1506927600;2017-10-02T10:00:00.000Z;10.293;10.303;10.314;1007.69;1007.947;1008.193;64.465;64.543;64.648
1506931200;2017-10-02T11:00:00.000Z;10.293;10.315;10.336;1007.035;1007.449;1007.785;64.442;64.6;64.785
1506934800;2017-10-02T12:00:00.000Z;10.336;10.36;10.411;1006.255;1006.803;1007.225;64.335;64.541;64.732
1506938400;2017-10-02T13:00:00.000Z;10.379;10.411;10.443;1005.725;1006.192;1006.528;64.411;64.688;64.861
1506942000;2017-10-02T14:00:00.000Z;10.432;10.451;10.464;1005.398;1005.596;1005.87;64.472;64.716;64.915
1506945600;2017-10-02T15:00:00.000Z;10.422;10.449;10.475;1005.02;1005.308;1005.585;64.808;65.037;65.334
1506949200;2017-10-02T16:00:00.000Z;10.432;10.45;10.464;1004.038;1004.484;1005.093;64.945;65.093;65.182
1506952800;2017-10-02T17:00:00.000Z;10.443;10.457;10.475;1002.888;1003.505;1004.103;65.022;65.211;65.388
1506956400;2017-10-02T18:00:00.000Z;10.422;10.449;10.475;1002.365;1002.659;1003;65.098;65.21;65.464
1506960000;2017-10-02T19:00:00.000Z;10.336;10.386;10.422;1001.55;1001.963;1002.49;65.228;65.374;65.54
1506963600;2017-10-02T20:00:00.000Z;10.282;10.312;10.346;1000.48;1001.079;1001.66;65.281;65.437;65.571
1506964709;2017-10-02T20:18:29.000Z;10.25;10.25;10.25;1000.168;1000.174;1000.183;65.388;65.404;65.411
